time,3m_treasury,ust3_dreturn,btc_alloc%,eth_alloc%,ust3_alloc%,btc_alloc_usd,eth_alloc_usd,ust3_alloc_usd,portfolio_return,portfolio_volatility,daily_sharpe,btcusd_dreturn,ethusd_dreturn,100_btc_portfolio_balance
2022-03-14,0.44,2.239375208756833e-05,0.3,0.3,0.4,1000000,0,0,-0.015187446503255254,,,-0.027019758564723162,-0.023634921448911106,1000000
2022-03-15,0.44,2.239375208756833e-05,1.0,0.0,0.0,1047999,0,0,0.04799940464131991,,,0.04799940464131991,0.02900512337198169,1047999
2022-03-16,0.44,2.239375208756833e-05,1.0,0.0,0.0,1039080,0,0,-0.008509759884836487,,,-0.008509759884836487,0.01112149099118076,1039080
2022-03-17,0.44,2.239375208756833e-05,1.0,0.0,0.0,1087525,0,0,0.046623504414322836,,,0.046623504414322836,0.05777655829420736,1087525
2022-03-18,0.44,2.239375208756833e-05,1.0,0.0,0.0,1083194,0,0,-0.003982095336052871,,,-0.003982095336052871,0.0164666589499205,1083194
2022-03-19,0.44,2.239375208756833e-05,1.0,0.0,0.0,1105271,0,0,0.0203821637818713,,,0.0203821637818713,0.04555433600129688,1105271
2022-03-20,0.44,2.239375208756833e-05,1.0,0.0,0.0,1114901,0,0,0.008712937903458728,,,0.008712937903458728,0.0005025036384493919,1114901
2022-03-21,0.44,2.239375208756833e-05,1.0,0.0,0.0,1090631,0,0,-0.021768689339140668,,,-0.021768689339140668,-0.02937819925374896,1090631
2022-03-22,0.44,2.239375208756833e-05,1.0,0.0,0.0,1084780,0,0,-0.005363992876390222,,,-0.005363992876390222,0.012565351421502058,1084780
2022-03-23,0.44,2.239375208756833e-05,1.0,0.0,0.0,1120182,0,0,0.03263566587273825,0.08044761533620974,0.40539762408558727,0.03263566587273825,0.02527044861210226,1120182
2022-03-24,0.44,2.239375208756833e-05,1.0,0.0,0.0,1130756,0,0,0.00943965138917302,0.07544166681633915,0.12482833471868443,0.00943965138917302,0.019883686656580357,1130756
2022-03-25,0.44,2.239375208756833e-05,1.0,0.0,0.0,1160712,0,0,0.026492627113029465,0.0668053532638231,0.3962292251701368,0.026492627113029465,0.02569362783138973,1160712
2022-03-26,0.44,2.239375208756833e-05,1.0,0.0,0.0,1171165,0,0,0.00900584613642752,0.06349125566202178,0.1414911752913013,0.00900584613642752,-0.00018829546416065934,1171165
2022-03-27,0.44,2.239375208756833e-05,1.0,0.0,0.0,1175895,0,0,0.004039230295041163,0.0508791248670942,0.07894861701034213,0.004039230295041163,0.011205038305903914,1175895
2022-03-28,0.44,2.239375208756833e-05,1.0,0.0,0.0,1234127,0,0,0.04952216565725176,0.06349468399437065,0.7795892315891008,0.04952216565725176,0.04594176895998059,1234127
2022-03-29,0.44,2.239375208756833e-05,1.0,0.0,0.0,1241517,0,0,0.0059886716358412695,0.06334455690934693,0.09418769622608783,0.0059886716358412695,0.013320767785333532,1241517
2022-03-30,0.44,2.239375208756833e-05,1.0,0.0,0.0,1253785,0,0,0.009881547264162016,0.06329059064674705,0.15577597572288068,0.009881547264162016,0.021703735684532433,1253785
2022-03-31,0.44,2.239375208756833e-05,1.0,0.0,0.0,1243326,0,0,-0.008341794146226711,0.056380717965894,-0.148351922431601,-0.008341794146226711,-0.005114591581674266,1243326
2022-04-01,0.76,2.2369927461296513e-05,1.0,0.0,0.0,1202775,0,0,-0.03261472419373057,0.07108755804764882,-0.45911120057487076,-0.03261472419373057,-0.029696274290121116,1202775
2022-04-02,0.76,2.2369927461296513e-05,1.0,0.0,0.0,1222371,0,0,0.016292982757344143,0.06723414939487286,0.24199923664273515,0.016292982757344143,0.05113547435180954,1222371
2022-04-03,0.76,2.2369927461296513e-05,1.0,0.0,0.0,1211062,0,0,-0.009251222950191429,0.06964408299567207,-0.13315693851879734,-0.009251222950191429,-0.0031466923617713416,1211062
2022-04-04,0.76,2.2369927461296513e-05,1.0,0.0,0.0,1226712,0,0,0.012923003985706893,0.0667060716198951,0.19339519994155946,0.012923003985706893,0.023616437655244127,1226712
2022-04-05,0.76,2.2369927461296513e-05,1.0,0.0,0.0,1231680,0,0,0.004050274587478642,0.06662089215367377,0.06046008286298863,0.004050274587478642,-0.0001753776559215714,1231680
2022-04-06,0.76,2.2369927461296513e-05,1.0,0.0,0.0,1205600,0,0,-0.021173863654968983,0.07170652995807501,-0.29559697833409565,-0.021173863654968983,-0.027832476271210327,1205600
2022-04-07,0.76,2.2369927461296513e-05,1.0,0.0,0.0,1141227,0,0,-0.053394430820044025,0.07093372185113551,-0.7530522768790853,-0.053394430820044025,-0.07350306540815232,1141227
2022-04-08,0.76,2.2369927461296513e-05,1.0,0.0,0.0,1149585,0,0,0.007323704236066764,0.07122908336378851,0.10250495954461944,0.007323704236066764,0.01938085530685263,1149585
2022-04-09,0.76,2.2369927461296513e-05,1.0,0.0,0.0,1117898,0,0,-0.027563747101468472,0.07095893420604983,-0.38876171602050114,-0.027563747101468472,-0.012623563481924172,1117898
2022-04-10,0.76,2.2369927461296513e-05,1.0,0.0,0.0,1130596,0,0,0.01135955788109011,0.07448055306007592,0.15221675306954624,0.01135955788109011,0.023155512355303776,1130596
2022-04-11,0.76,2.2369927461296513e-05,1.0,0.0,0.0,1116819,0,0,-0.012185373970329705,0.0700138307141804,-0.17436189069024158,-0.012185373970329705,-0.014323147991570084,1116819
2022-04-12,0.76,2.2369927461296513e-05,1.0,0.0,0.0,1046258,0,0,-0.06318032083616476,0.08411679950380482,-0.7513682300854448,-0.06318032083616476,-0.07034676078281343,1046258
2022-04-13,0.76,2.2369927461296513e-05,1.0,0.0,0.0,1062154,0,0,0.015193245904238317,0.08939452839639793,0.16970698597463954,0.015193245904238317,0.015206096013839598,1062154
2022-04-14,0.76,2.2369927461296513e-05,1.0,0.0,0.0,1088558,0,0,0.02485944347915181,0.09387538248903905,0.2645749385318404,0.02485944347915181,0.02738139144174312,1088558
2022-04-15,0.76,2.2369927461296513e-05,1.0,0.0,0.0,1055648,0,0,-0.03023192693375132,0.09383705628463569,-0.32241310692273145,-0.03023192693375132,-0.031390599448438805,1055648
2022-04-16,0.76,2.2369927461296513e-05,1.0,0.0,0.0,1072215,0,0,0.015694413446848188,0.09823745175960415,0.15953226838311918,0.015694413446848188,0.007280127542251602,1072215
2022-04-17,0.76,2.2369927461296513e-05,1.0,0.0,0.0,1068616,0,0,-0.0033562311939724365,0.08639421994250822,-0.03910679584446798,-0.0033562311939724365,0.0068725771318916,1068616
2022-04-18,0.76,2.2369927461296513e-05,1.0,0.0,0.0,1049825,0,0,-0.01758351989352125,0.08564647963359652,-0.2055646641438405,-0.01758351989352125,-0.02303664242704284,1049825
2022-04-19,0.76,2.2369927461296513e-05,1.0,0.0,0.0,1078737,0,0,0.027540084664565256,0.08978731670426544,0.30647663553349846,0.027540084664565256,0.022088567328028663,1078737
2022-04-20,0.76,2.2369927461296513e-05,1.0,0.0,0.0,1096293,0,0,0.016275456763842344,0.09080121492251532,0.178996358696858,0.016275456763842344,0.013977598279475867,1096293
2022-04-21,0.76,2.2369927461296513e-05,1.0,0.0,0.0,1093627,0,0,-0.002431482762823678,0.09019060810976112,-0.02720740819596935,-0.002431482762823678,-0.00805619318878581,1093627
2022-04-22,0.76,2.2369927461296513e-05,1.0,0.0,0.0,1070678,0,0,-0.020983993140235246,0.06443570828038792,-0.32600499984090625,-0.020983993140235246,-0.02993418374889667,1070678
2022-04-23,0.76,2.2369927461296513e-05,1.0,0.0,0.0,1050291,0,0,-0.019040717108970595,0.06601585851952095,-0.2887652673757915,-0.019040717108970595,-0.006829679253243848,1050291
2022-04-24,0.76,2.2369927461296513e-05,1.0,0.0,0.0,1045137,0,0,-0.004906545856964706,0.059485269406191504,-0.08285943450586403,-0.004906545856964706,-0.008896713417070878,1045137
2022-04-25,0.76,2.2369927461296513e-05,1.0,0.0,0.0,1042687,0,0,-0.0023439372123182922,0.0518122781058212,-0.04567077971261275,-0.0023439372123182922,-0.006048282818876816,1042687
2022-04-26,0.76,2.2369927461296513e-05,1.0,0.0,0.0,1069628,0,0,0.02583867762733405,0.05627005566583631,0.45879300090237546,0.02583867762733405,0.029229336401156214,1069628
2022-04-27,0.76,2.2369927461296513e-05,1.0,0.0,0.0,1007422,0,0,-0.058155784700275825,0.08103047873543807,-0.7179786610626717,-0.058155784700275825,-0.06700963185967113,1007422
2022-04-28,0.76,2.2369927461296513e-05,1.0,0.0,0.0,1036580,0,0,0.028943400401376218,0.08654204648362075,0.3341847304175851,0.028943400401376218,0.0295157821051657,1036580
2022-04-29,0.76,2.2369927461296513e-05,1.0,0.0,0.0,1049889,0,0,0.012840052477316455,0.08231468159270905,0.1557156305758033,0.012840052477316455,0.014833532651530312,1049889
2022-04-30,0.76,2.2369927461296513e-05,1.0,0.0,0.0,1021061,0,0,-0.027457674879987404,0.0829075728220606,-0.331453977870362,-0.027457674879987404,-0.03920442023604387,1021061
2022-05-01,0.98,2.2353547910913818e-05,1.0,0.0,0.0,999135,0,0,-0.0214728734736076,0.08398016277396068,-0.25595600569832944,-0.0214728734736076,-0.028151208897031155,999135
2022-05-02,0.98,2.2353547910913818e-05,1.0,0.0,0.0,1018077,0,0,0.018959053487899835,0.08692206698440817,0.21785837126245206,0.018959053487899835,0.034453240100362326,1018077
2022-05-03,0.98,2.2353547910913818e-05,1.0,0.0,0.0,1018708,0,0,0.0006204485579888175,0.08552514390390226,0.006993206708309489,0.0006204485579888175,0.010188573740554263,1018708
2022-05-04,0.98,2.2353547910913818e-05,1.0,0.0,0.0,997492,0,0,-0.020825640322940653,0.08743882338484033,-0.23842948776991527,-0.020825640322940653,-0.02632482524763946,997492
2022-05-05,0.98,2.2353547910913818e-05,1.0,0.0,0.0,1048756,0,0,0.051393146802857004,0.1037663475712611,0.49506217051407164,0.051393146802857004,0.055995125511484556,1048756
2022-05-06,0.98,2.2353547910913818e-05,1.0,0.0,0.0,967210,0,0,-0.07775492136137008,0.12568510307909783,-0.618826519641975,-0.07775492136137008,-0.063940313276179,967210
2022-05-07,0.98,2.2353547910913818e-05,1.0,0.0,0.0,954111,0,0,-0.013542886077427818,0.11376563617641773,-0.11923846322366582,-0.013542886077427818,-0.01969156447394671,954111
2022-05-08,0.98,2.2353547910913818e-05,1.0,0.0,0.0,939763,0,0,-0.01503705191920357,0.1075922850078762,-0.13996733563203043,-0.01503705191920357,-0.02166091905415979,939763
2022-05-09,0.98,2.2353547910913818e-05,1.0,0.0,0.0,900057,0,0,-0.04225072091560644,0.10913045127197087,-0.3873627751998016,-0.04225072091560644,-0.046720363684976896,900057
2022-05-10,0.98,2.2353547910913818e-05,1.0,0.0,0.0,799650,0,0,-0.11155533940837026,0.1461477875048416,-0.7634579685483424,-0.11155533940837026,-0.1064166240438792,799650
2022-05-11,0.98,2.2353547910913818e-05,1.0,0.0,0.0,819657,0,0,0.02502006098788434,0.1539275878962611,0.16239913703332073,0.02502006098788434,0.04218282353095204,819657
2022-05-12,0.98,2.2353547910913818e-05,1.0,0.0,0.0,763824,0,0,-0.0681164794972906,0.15500963049344182,-0.4395780625261496,-0.0681164794972906,-0.11254167906494006,763824
2022-05-13,0.98,2.2353547910913818e-05,1.0,0.0,0.0,769441,0,0,0.0073539245950378085,0.15649180266850987,0.04684955328080065,0.0073539245950378085,-0.054885150799850235,769441
2022-05-14,0.98,2.2353547910913818e-05,1.0,0.0,0.0,774318,0,0,0.0063384003258377675,0.15991249622050158,0.039496893158479165,0.0063384003258377675,0.02212584447600574,774318
2022-05-15,0.98,2.2353547910913818e-05,1.0,0.0,0.0,797528,0,0,0.02997551573524415,0.14983724708700233,0.19990464834115024,0.02997551573524415,0.026870425244887697,797528
2022-05-16,0.98,2.2353547910913818e-05,1.0,0.0,0.0,827379,0,0,0.03742964203610488,0.149867209165173,0.24960288976200468,0.03742964203610488,0.04012058547028041,827379
2022-05-17,0.98,2.2353547910913818e-05,1.0,0.0,0.0,790507,0,0,-0.04456363045998024,0.15284216788718374,-0.2917125857623341,-0.04456363045998024,-0.05643040148412137,790507
2022-05-18,0.98,2.2353547910913818e-05,1.0,0.0,0.0,805791,0,0,0.01933544598283765,0.15726863570595023,0.12280320451839483,0.01933544598283765,0.03420236583605618,805791
2022-05-19,0.98,2.2353547910913818e-05,1.0,0.0,0.0,760088,0,0,-0.05671699616050063,0.1607717614814659,-0.35291862940092605,-0.05671699616050063,-0.08591235948224896,760088
2022-05-20,0.98,2.2353547910913818e-05,1.0,0.0,0.0,802625,0,0,0.055963941340557044,0.13479916253888913,0.41499952031606396,0.055963941340557044,0.05674208133241554,802625
2022-05-21,0.98,2.2353547910913818e-05,1.0,0.0,0.0,772889,0,0,-0.03704752213523155,0.13688688782332453,-0.27080662196796634,-0.03704752213523155,-0.02957599195220051,772889
2022-05-22,0.98,2.2353547910913818e-05,1.0,0.0,0.0,779089,0,0,0.008021877514164943,0.11771490827856153,0.0679567616645794,0.008021877514164943,0.007207870845057807,779089
2022-05-23,0.98,2.2353547910913818e-05,1.0,0.0,0.0,801795,0,0,0.02914542284172228,0.12067079894641211,0.24134313809212812,0.02914542284172228,0.03462796875139973,801795
2022-05-24,0.98,2.2353547910913818e-05,1.0,0.0,0.0,770414,0,0,-0.03913810642705651,0.12834677175350087,-0.3051144913109141,-0.03913810642705651,-0.03521133740941429,770414
2022-05-25,0.98,2.2353547910913818e-05,1.0,0.0,0.0,783407,0,0,0.01686573831058502,0.125612484990514,0.13409005294295456,0.01686573831058502,0.002628076547011471,783407
2022-05-26,0.98,2.2353547910913818e-05,1.0,0.0,0.0,781555,0,0,-0.002363048997334416,0.11814170933496475,-0.020191027865375192,-0.002363048997334416,-0.01764229727900768,781555
2022-05-27,0.98,2.2353547910913818e-05,1.0,0.0,0.0,775263,0,0,-0.008050323246984403,0.10992950835120674,-0.07343503046610961,-0.008050323246984403,-0.07037759920072617,775263
2022-05-28,0.98,2.2353547910913818e-05,1.0,0.0,0.0,756767,0,0,-0.023857105484380914,0.10936174561920153,-0.21835294322605542,-0.023857105484380914,-0.0459597031020047,756767
2022-05-29,0.98,2.2353547910913818e-05,1.0,0.0,0.0,768432,0,0,0.015414864818419582,0.09480586101524771,0.16235822454091817,0.015414864818419582,0.04279677607497501,768432
2022-05-30,0.98,2.2353547910913818e-05,1.0,0.0,0.0,779111,0,0,0.013897946779694026,0.07527281612175454,0.1843373736587615,0.013897946779694026,0.00905562451699038,779111
2022-05-31,0.98,2.2353547910913818e-05,1.0,0.0,0.0,838508,0,0,0.07623759481607117,0.09927478734316518,0.7677200154023547,0.07623759481607117,0.09969972634474589,838508
2022-06-01,1.49,2.231557675935747e-05,1.0,0.0,0.0,841805,0,0,0.003932110805627609,0.09938622995753454,0.03933940577622088,0.003932110805627609,-0.02598164707681261,841805
2022-06-02,1.49,2.231557675935747e-05,1.0,0.0,0.0,788117,0,0,-0.06377691769778915,0.11911689716654437,-0.5356018733878455,-0.06377691769778915,-0.059249714668817566,788117
2022-06-03,1.49,2.231557675935747e-05,1.0,0.0,0.0,805223,0,0,0.02170595954049359,0.11289614384762177,0.19206717984097926,0.02170595954049359,0.002294933072069849,805223
2022-06-04,1.49,2.231557675935747e-05,1.0,0.0,0.0,784964,0,0,-0.025158956620546236,0.11577373577212756,-0.217504186328312,-0.025158956620546236,-0.0306094835819275,784964
2022-06-05,1.49,2.231557675935747e-05,1.0,0.0,0.0,789143,0,0,0.005324630058160418,0.11579573464770763,0.04579024000782596,0.005324630058160418,0.015352881559637765,789143
2022-06-06,1.49,2.231557675935747e-05,1.0,0.0,0.0,790342,0,0,0.0015199248828374756,0.11530701851357744,0.012988015173610392,0.0015199248828374756,0.0005928882136472247,790342
2022-06-07,1.49,2.231557675935747e-05,1.0,0.0,0.0,828774,0,0,0.04862732081075638,0.11958396014674999,0.4064508749697732,0.04862732081075638,0.03038218468055187,828774
2022-06-08,1.49,2.231557675935747e-05,1.0,0.0,0.0,825944,0,0,-0.0034143022033863435,0.12007817326613911,-0.028619837283240836,-0.0034143022033863435,-0.022467484596775722,825944
2022-06-09,1.49,2.231557675935747e-05,1.0,0.0,0.0,798569,0,0,-0.03314303176962974,0.12650505355491803,-0.2621661855744873,-0.03314303176962974,-0.013114962311913558,798569
2022-06-10,1.49,2.231557675935747e-05,1.0,0.0,0.0,795186,0,0,-0.004235942686646288,0.09703398721244291,-0.04388419342268972,-0.004235942686646288,-0.0034110915817374687,795186
2022-06-11,1.49,2.231557675935747e-05,1.0,0.0,0.0,768771,0,0,-0.033217601832910004,0.1003479212547655,-0.3312466964340909,-0.033217601832910004,-0.06965591896404466,768771
2022-06-12,1.49,2.231557675935747e-05,1.0,0.0,0.0,749561,0,0,-0.024986969853889707,0.08255985413725299,-0.302923081587232,-0.024986969853889707,-0.08041963094690519,749561
2022-06-13,1.49,2.231557675935747e-05,1.0,0.0,0.0,707112,0,0,-0.05663169143084956,0.09141354857367041,-0.6197550351297358,-0.05663169143084956,-0.04924833687228347,707112
2022-06-14,1.49,2.231557675935747e-05,1.0,0.0,0.0,595064,0,0,-0.1584584813408394,0.17281687438106577,-0.9170446895604906,-0.1584584813408394,-0.17123375385829864,595064
2022-06-15,1.49,2.231557675935747e-05,1.0,0.0,0.0,587642,0,0,-0.01247102331961103,0.17014426041534952,-0.0734279185549494,-0.01247102331961103,0.0076899598761854815,587642
2022-06-16,1.49,2.231557675935747e-05,1.0,0.0,0.0,595153,0,0,0.012782696212391587,0.17264348989390937,0.07391173940861351,0.012782696212391587,0.012757017698165285,595153
2022-06-17,1.49,2.231557675935747e-05,1.0,0.0,0.0,539135,0,0,-0.09412264090656275,0.16231620198746974,-0.5800096067464034,-0.09412264090656275,-0.13147386984705234,539135
2022-06-18,1.49,2.231557675935747e-05,1.0,0.0,0.0,540835,0,0,0.00315367564778235,0.1641194794022869,0.01907975873691054,0.00315367564778235,0.01797705907568492,540835
2022-06-19,1.49,2.231557675935747e-05,1.0,0.0,0.0,503174,0,0,-0.06963470767227375,0.16643317860125087,-0.4185284679079583,-0.06963470767227375,-0.08508932741757913,503174
2022-06-20,1.49,2.231557675935747e-05,1.0,0.0,0.0,541980,0,0,0.07712300768202307,0.20363979289072176,0.378613094281813,0.07712300768202307,0.13112402474790952,541980
2022-06-21,1.49,2.231557675935747e-05,1.0,0.0,0.0,545159,0,0,0.00586588594291082,0.20786444725262695,0.02811240904053934,0.00586588594291082,0.005596516889837533,545159
2022-06-22,1.49,2.231557675935747e-05,1.0,0.0,0.0,546854,0,0,0.003109258624627742,0.2107570539429313,0.01464692635485532,0.003109258624627742,-0.006618941288267899,546854
2022-06-23,1.49,2.231557675935747e-05,1.0,0.0,0.0,527903,0,0,-0.03465340254842986,0.2086828563428428,-0.16616467079701483,-0.03465340254842986,-0.06534754294370171,527903
2022-06-24,1.49,2.231557675935747e-05,1.0,0.0,0.0,557402,0,0,0.05588111869848711,0.16354402908741197,0.34155207887089545,0.05588111869848711,0.0888678430488683,557402
2022-06-25,1.49,2.231557675935747e-05,1.0,0.0,0.0,561693,0,0,0.007698619275380958,0.16380444629006746,0.046862608875880465,0.007698619275380958,0.07411512313148849,561693
2022-06-26,1.49,2.231557675935747e-05,1.0,0.0,0.0,568645,0,0,0.012376918847456064,0.16376073223370266,0.0754430143428125,0.012376918847456064,0.012187480076009116,568645
2022-06-27,1.49,2.231557675935747e-05,1.0,0.0,0.0,556147,0,0,-0.021977032131337948,0.132154449824695,-0.16646694634406783,-0.021977032131337948,-0.034596874656294796,556147
2022-06-28,1.49,2.231557675935747e-05,1.0,0.0,0.0,548186,0,0,-0.01431295551118994,0.13341150729992296,-0.10745153381501128,-0.01431295551118994,-0.005838379563091856,548186
2022-06-29,1.49,2.231557675935747e-05,1.0,0.0,0.0,535798,0,0,-0.022597670494801103,0.11183887711978976,-0.20225512499854917,-0.022597670494801103,-0.04244676976053996,535798
2022-06-30,1.49,2.231557675935747e-05,1.0,0.0,0.0,531201,0,0,-0.008579447402009,0.08043394670063332,-0.10694194841368673,-0.008579447402009,-0.03902641830466613,531201
2022-07-01,2.23,2.226048042985873e-05,1.0,0.0,0.0,517989,0,0,-0.024871633708520302,0.08304416626558549,-0.29976692293274904,-0.024871633708520302,-0.03755966085189966,517989
2022-07-02,2.23,2.226048042985873e-05,1.0,0.0,0.0,512680,0,0,-0.010248163483426276,0.08270551050861125,-0.12418064891560986,-0.010248163483426276,0.010578775659308759,512680
2022-07-03,2.23,2.226048042985873e-05,1.0,0.0,0.0,509002,0,0,-0.007173556857315466,0.076507674125809,-0.09405353671989222,-0.007173556857315466,-0.00026004161208292853,509002
2022-07-04,2.23,2.226048042985873e-05,1.0,0.0,0.0,510111,0,0,0.002180076861763025,0.04080706656520742,0.05287849784264929,0.002180076861763025,0.005676723799721506,510111
2022-07-05,2.23,2.226048042985873e-05,1.0,0.0,0.0,535121,0,0,0.04902991586672911,0.06988775964956764,0.7012337443929273,0.04902991586672911,0.07327420530389217,535121
2022-07-06,2.23,2.226048042985873e-05,1.0,0.0,0.0,533318,0,0,-0.0033683478843167247,0.0673616474539371,-0.05033440381732249,-0.0033683478843167247,-0.016760977478364247,533318
2022-07-07,2.23,2.226048042985873e-05,1.0,0.0,0.0,543301,0,0,0.01871869256521186,0.06903770233884393,0.27081480772662514,0.01871869256521186,0.04824316558356867,543301
2022-07-08,2.23,2.226048042985873e-05,1.0,0.0,0.0,572198,0,0,0.053188420740939435,0.08656792639932952,0.6141554091899949,0.053188420740939435,0.043452215440747954,572198
2022-07-09,2.23,2.226048042985873e-05,1.0,0.0,0.0,577434,0,0,0.009151267328104895,0.08112431806494699,0.11253107656777443,0.009151267328104895,-0.005533574568927446,577434
2022-07-10,2.23,2.226048042985873e-05,1.0,0.0,0.0,570322,0,0,-0.01231496774122487,0.08204328154055653,-0.15037463141398183,-0.01231496774122487,-0.013510153297755623,570322
2022-07-11,2.23,2.226048042985873e-05,1.0,0.0,0.0,551042,0,0,-0.03380391817678852,0.08632520629529893,-0.3918459058355065,-0.03380391817678852,-0.039312167244824336,551042
2022-07-12,2.23,2.226048042985873e-05,1.0,0.0,0.0,528288,0,0,-0.04129213409025834,0.09784501899206288,-0.4222432066167782,-0.04129213409025834,-0.0612168449019469,528288
2022-07-13,2.23,2.226048042985873e-05,1.0,0.0,0.0,511177,0,0,-0.032389005732566534,0.10394092736629129,-0.3118239083895991,-0.032389005732566534,-0.05162177917330624,511177
2022-07-14,2.23,2.226048042985873e-05,1.0,0.0,0.0,534278,0,0,0.04519214428028495,0.11302721480692236,0.39963723672228946,0.04519214428028495,0.06929653632307331,534278
2022-07-15,2.23,2.226048042985873e-05,1.0,0.0,0.0,543513,0,0,0.017285429011283826,0.1034009052513171,0.16695374657403275,0.017285429011283826,0.07027459242806611,543513
2022-07-16,2.23,2.226048042985873e-05,1.0,0.0,0.0,549323,0,0,0.0106912803993795,0.10354006609821428,0.10304242909048757,0.0106912803993795,0.036073536615215174,549323
2022-07-17,2.23,2.226048042985873e-05,1.0,0.0,0.0,559843,0,0,0.01915243870861616,0.10361205350641554,0.1846327486116447,0.01915243870861616,0.09800387782742637,559843
2022-07-18,2.23,2.226048042985873e-05,1.0,0.0,0.0,550102,0,0,-0.017398157018625016,0.08900372175561846,-0.19572684327613737,-0.017398157018625016,-0.007619932429667853,550102
2022-07-19,2.23,2.226048042985873e-05,1.0,0.0,0.0,591602,0,0,0.07544061012516279,0.11912297155822166,0.6331134008680435,0.07544061012516279,0.16801908735243276,591602
2022-07-20,2.23,2.226048042985873e-05,1.0,0.0,0.0,617266,0,0,0.043381400490874356,0.12405588084100874,0.3495129752535795,0.043381400490874356,-0.017845463697129027,617266
2022-07-21,2.23,2.226048042985873e-05,1.0,0.0,0.0,615849,0,0,-0.0022943115392649593,0.11580896422865608,-0.020003391232486296,-0.0022943115392649593,-0.009863604646108692,615849
2022-07-22,2.23,2.226048042985873e-05,1.0,0.0,0.0,611672,0,0,-0.0067810734161218855,0.10262940042686751,-0.06629030149503523,-0.0067810734161218855,0.03234965175013804,611672
2022-07-23,2.23,2.226048042985873e-05,1.0,0.0,0.0,599565,0,0,-0.019792731283653442,0.0967397328326077,-0.2048278528778853,-0.019792731283653442,-0.025811558718919825,599565
2022-07-24,2.23,2.226048042985873e-05,1.0,0.0,0.0,594527,0,0,-0.008402167587602816,0.09387369763719927,-0.08974215653666051,-0.008402167587602816,0.01065770544761424,594527
2022-07-25,2.23,2.226048042985873e-05,1.0,0.0,0.0,597367,0,0,0.004777334097110453,0.09379541908939991,0.05069622443019692,0.004777334097110453,0.03137622414026664,597367
2022-07-26,2.23,2.226048042985873e-05,1.0,0.0,0.0,563463,0,0,-0.05675420949739851,0.11499782874032805,-0.4937177562372332,-0.05675420949739851,-0.09413248304026711,563463
2022-07-27,2.23,2.226048042985873e-05,1.0,0.0,0.0,560961,0,0,-0.004438904042414649,0.1137595057426654,-0.03921575163077868,-0.004438904042414649,-0.007924431141315136,560961
2022-07-28,2.23,2.226048042985873e-05,1.0,0.0,0.0,605162,0,0,0.07879555905790525,0.13531427792488745,0.5821506775597045,0.07879555905790525,0.13756969341397185,605162
2022-07-29,2.23,2.226048042985873e-05,1.0,0.0,0.0,629284,0,0,0.03986153699026773,0.12013689040901983,0.33161567919895785,0.03986153699026773,0.05290288800146148,629284
2022-07-30,2.23,2.226048042985873e-05,1.0,0.0,0.0,629958,0,0,0.0010710959831976563,0.11307899302814163,0.009275246221079957,0.0010710959831976563,0.008989393841055016,629958
2022-07-31,2.23,2.226048042985873e-05,1.0,0.0,0.0,624830,0,0,-0.008140186228231872,0.11351065512106089,-0.07190907937194402,-0.008140186228231872,-0.02429905351206696,624830
2022-08-01,2.63,2.223069817008927e-05,1.0,0.0,0.0,617598,0,0,-0.01157374141266243,0.11402354678106433,-0.10169804779970448,-0.01157374141266243,-0.008706892000913458,617598
2022-08-02,2.63,2.223069817008927e-05,1.0,0.0,0.0,616384,0,0,-0.001965435003297822,0.11168726632753281,-0.01779670831622743,-0.001965435003297822,-0.027343939511270232,616384
2022-08-03,2.63,2.223069817008927e-05,1.0,0.0,0.0,608990,0,0,-0.011995603145933731,0.11216322588758304,-0.10714593619257029,-0.011995603145933731,0.0014426036249366447,608990
2022-08-04,2.63,2.223069817008927e-05,1.0,0.0,0.0,603880,0,0,-0.008390177326116466,0.11269829151812215,-0.07464539090136801,-0.008390177326116466,-0.010398914000261494,603880
2022-08-05,2.63,2.223069817008927e-05,1.0,0.0,0.0,599070,0,0,-0.007963866922370166,0.09353806586974214,-0.08537804952757327,-0.007963866922370166,-0.005503108308750448,599070
2022-08-06,2.63,2.223069817008927e-05,1.0,0.0,0.0,613510,0,0,0.02410546796472568,0.09417337238152626,0.2557329811763217,0.02410546796472568,0.07005854360978114,613510
2022-08-07,2.63,2.223069817008927e-05,1.0,0.0,0.0,607158,0,0,-0.0103533388884135,0.055357191550419085,-0.1874294792779284,-0.0103533388884135,-0.018596475171724136,607158
2022-08-08,2.63,2.223069817008927e-05,1.0,0.0,0.0,612785,0,0,0.009268124212816753,0.036359687139418916,0.25428968844516925,0.009268124212816753,0.0033720176844367344,612785
2022-08-09,2.63,2.223069817008927e-05,1.0,0.0,0.0,629323,0,0,0.026988821226757276,0.04695564779015301,0.574299190783229,0.026988821226757276,0.0451410523414586,629323
2022-08-10,2.63,2.223069817008927e-05,1.0,0.0,0.0,612945,0,0,-0.026024474815890652,0.05336774042964385,-0.48806086419189554,-0.026024474815890652,-0.04321403837170368,612945
2022-08-11,2.63,2.223069817008927e-05,1.0,0.0,0.0,632628,0,0,0.03211339038092209,0.061700016112180796,0.5201159044173503,0.03211339038092209,0.09059181558989882,632628
2022-08-12,2.63,2.223069817008927e-05,1.0,0.0,0.0,632625,0,0,-3.2506636715723403e-06,0.06157052582164249,-0.0004138564922358471,-3.2506636715723403e-06,0.015407836681211595,632625
2022-08-13,2.63,2.223069817008927e-05,1.0,0.0,0.0,644845,0,0,0.019317423035876358,0.0611854912306168,0.31535568236234224,0.019317423035876358,0.041406603868096914,644845
2022-08-14,2.63,2.223069817008927e-05,1.0,0.0,0.0,645433,0,0,0.0009124382086662663,0.05945308619395966,0.01497327670412206,0.0009124382086662663,0.011779992364483238,645433
2022-08-15,2.63,2.223069817008927e-05,1.0,0.0,0.0,642233,0,0,-0.004956783115818708,0.05869252733335993,-0.08483215905338604,-0.004956783115818708,-0.023058107200204514,642233
2022-08-16,2.63,2.223069817008927e-05,1.0,0.0,0.0,638705,0,0,-0.005492094398887093,0.05661058126176015,-0.09740802821931191,-0.005492094398887093,-0.014676255807287375,638705
2022-08-17,2.63,2.223069817008927e-05,1.0,0.0,0.0,631686,0,0,-0.010988079146367125,0.056794862247035345,-0.19386101856619864,-0.010988079146367125,-0.014503938021741769,631686
2022-08-18,2.63,2.223069817008927e-05,1.0,0.0,0.0,617053,0,0,-0.023163432372660275,0.06249777224905576,-0.37098383248661576,-0.023163432372660275,-0.024339916065168832,617053
2022-08-19,2.63,2.223069817008927e-05,1.0,0.0,0.0,614119,0,0,-0.004753312128688791,0.05541832855388422,-0.08617262467985724,-0.004753312128688791,0.008330400067384502,614119
2022-08-20,2.63,2.223069817008927e-05,1.0,0.0,0.0,553295,0,0,-0.09904130280808099,0.11068673406773606,-0.8949901209085089,-0.09904130280808099,-0.1251701926822557,553295
2022-08-21,2.63,2.223069817008927e-05,1.0,0.0,0.0,559354,0,0,0.010951999682215607,0.10362197487303133,0.10547732754020403,0.010951999682215607,-0.02416805412615819,559354
2022-08-22,2.63,2.223069817008927e-05,1.0,0.0,0.0,570990,0,0,0.020803972545773153,0.10822334443082354,0.19202642421466443,0.020803972545773153,0.028323296479413118,570990
2022-08-23,2.63,2.223069817008927e-05,1.0,0.0,0.0,564966,0,0,-0.0105485331434082,0.10335539455049134,-0.10227587914063106,-0.0105485331434082,-0.0011347155905661044,564966
2022-08-24,2.63,2.223069817008927e-05,1.0,0.0,0.0,569580,0,0,0.00816843514195642,0.10465806785717469,0.07783637334967176,0.00816843514195642,0.026804342141928172,569580
2022-08-25,2.63,2.223069817008927e-05,1.0,0.0,0.0,565168,0,0,-0.00774462355750849,0.10448950543766858,-0.0743314290095072,-0.00774462355750849,-0.0048014790383485995,565168
2022-08-26,2.63,2.223069817008927e-05,1.0,0.0,0.0,571046,0,0,0.010401765857520173,0.10680314090839439,0.09718380069227238,0.010401765857520173,0.023696151614420957,571046
2022-08-27,2.63,2.223069817008927e-05,1.0,0.0,0.0,535472,0,0,-0.06229463898715326,0.11867818394273029,-0.5250911971773613,-0.06229463898715326,-0.11012338483583906,535472
2022-08-28,2.63,2.223069817008927e-05,1.0,0.0,0.0,530152,0,0,-0.009933718711381267,0.11849372270267151,-0.08402090155048267,-0.009933718711381267,-0.009358858062532449,530152
2022-08-29,2.63,2.223069817008927e-05,1.0,0.0,0.0,519303,0,0,-0.020463755875107292,0.118113628863137,-0.17344303761097135,-0.020463755875107292,-0.038306344195728426,519303
2022-08-30,2.63,2.223069817008927e-05,1.0,0.0,0.0,536462,0,0,0.033043724991414836,0.08374972891694864,0.39428777525943853,0.033043724991414836,0.08092486145306199,536462
2022-08-31,2.63,2.223069817008927e-05,1.0,0.0,0.0,523161,0,0,-0.02479266256876711,0.0848669330131253,-0.2923976675709418,-0.02479266256876711,-0.019147229593551973,523161
2022-09-01,3.13,2.2193469891407247e-05,1.0,0.0,0.0,528924,0,0,0.011017413898510187,0.08190198621341441,0.13424851993171705,0.011017413898510187,0.017807032861111072,528924
2022-09-02,3.13,2.2193469891407247e-05,1.0,0.0,0.0,532369,0,0,0.006513405670746764,0.08292425108471774,0.07827881609957203,0.006513405670746764,0.02345630138740673,532369
2022-09-03,3.13,2.2193469891407247e-05,1.0,0.0,0.0,526755,0,0,-0.010545046206640318,0.08157025382890758,-0.12954771108958857,-0.010545046206640318,-0.008687156106025551,526755
2022-09-04,3.13,2.2193469891407247e-05,1.0,0.0,0.0,523403,0,0,-0.0063629834447832545,0.08157697095342047,-0.07827180685981251,-0.0063629834447832545,-0.012381185156858598,523403
2022-09-05,3.13,2.2193469891407247e-05,1.0,0.0,0.0,527773,0,0,0.00834986705137708,0.08110552690476172,0.10267701720579973,0.00834986705137708,0.014961504132834813,527773
2022-09-06,3.13,2.2193469891407247e-05,1.0,0.0,0.0,522641,0,0,-0.009723703294193253,0.05427648043710852,-0.17956021992578294,-0.009723703294193253,0.024691200730108775,522641
2022-09-07,3.13,2.2193469891407247e-05,1.0,0.0,0.0,498174,0,0,-0.04681319568405251,0.0702316830821813,-0.6668698100135189,-0.04681319568405251,-0.03299050111932467,498174
2022-09-08,3.13,2.2193469891407247e-05,1.0,0.0,0.0,509298,0,0,0.022329615674786307,0.07339066597002085,0.3039544867191585,0.022329615674786307,0.04175251879459707,509298
2022-09-09,3.13,2.2193469891407247e-05,1.0,0.0,0.0,510411,0,0,0.002186250283543023,0.06289700966270928,0.034406354535081396,0.002186250283543023,0.0037112749758645425,510411
2022-09-10,3.13,2.2193469891407247e-05,1.0,0.0,0.0,564213,0,0,0.10540952251410984,0.12296098032576615,0.8570794471954515,0.10540952251410984,0.04960155571287683,564213
2022-09-11,3.13,2.2193469891407247e-05,1.0,0.0,0.0,573400,0,0,0.01628331421377438,0.12320584058639907,0.1319833594453644,0.01628331421377438,0.03636533100352901,573400
2022-09-12,3.13,2.2193469891407247e-05,1.0,0.0,0.0,574256,0,0,0.0014933653691502347,0.12340977408905267,0.01192103226926927,0.0014933653691502347,-0.010228422796937253,574256
2022-09-13,3.13,2.2193469891407247e-05,1.0,0.0,0.0,590101,0,0,0.02759298622692863,0.12284409860476857,0.2244372588523107,0.02759298622692863,-0.029042503248139506,590101
2022-09-14,3.13,2.2193469891407247e-05,1.0,0.0,0.0,533184,0,0,-0.09645187069674022,0.38354975853207757,-0.13811630978644213,-0.09645187069674022,-0.08008533325658196,533184
