time,3m_treasury,ust3_dreturn,btc_alloc%,eth_alloc%,ust3_alloc%,btc_alloc_usd,eth_alloc_usd,ust3_alloc_usd,portfolio_return,portfolio_volatility,daily_sharpe
2020-09-30,0.11,2.241832101712582e-05,0.3,0.3,0.4,300000,300000,400000,0.008890174998608913,0.4322699795104342,0.020514394008195835
2020-10-01,0.1,2.241906552669093e-05,0.3,0.3,0.4,300000,300000,400000,-0.0016912942408055076,0.4322356803930142,-0.003964765946147687
2020-10-02,0.1,2.241906552669093e-05,0.3,0.3,0.4,300000,300000,400000,-0.009311584374043568,0.4319155767130672,-0.021610712701318206
2020-10-03,0.1,2.241906552669093e-05,0.3,0.3,0.4,300000,300000,400000,-0.007740029167403806,0.4320215794049118,-0.017967732638779023
2020-10-04,0.1,2.241906552669093e-05,0.3,0.3,0.4,300000,300000,400000,-0.0006600200616888707,0.431953193795347,-0.0015798913794787012
2020-10-05,0.1,2.241906552669093e-05,0.3,0.3,0.4,300000,300000,400000,0.009144197467858283,0.431549267681427,0.021137281616395557
2020-10-06,0.1,2.241906552669093e-05,0.3,0.3,0.4,300000,300000,400000,0.004196104861261052,0.4313943022553185,0.009674874642327072
2020-10-07,0.1,2.241906552669093e-05,0.3,0.3,0.4,300000,300000,400000,-0.015989396922907538,0.4311570206190094,-0.03713685553686721
2020-10-08,0.1,2.241906552669093e-05,0.3,0.3,0.4,300000,300000,400000,0.0024932727418575107,0.43112057322270764,0.00573123583006193
2020-10-09,0.1,2.241906552669093e-05,0.3,0.3,0.4,300000,300000,400000,0.013780709045202564,0.43056965712486023,0.03195369146898832
2020-10-10,0.1,2.241906552669093e-05,0.3,0.3,0.4,300000,300000,400000,0.017917373034258156,0.4305374113239067,0.041564225310186886
2020-10-11,0.1,2.241906552669093e-05,0.3,0.3,0.4,300000,300000,400000,0.010278329554774656,0.43056629850123124,0.023819584869851668
2020-10-12,0.1,2.241906552669093e-05,0.3,0.3,0.4,300000,300000,400000,0.0056945548621844646,0.4305427790656589,0.01317438376034814
2020-10-13,0.1,2.241906552669093e-05,0.3,0.3,0.4,300000,300000,400000,0.014589809135613762,0.4307321949283902,0.0338200632356003
2020-10-14,0.1,2.241906552669093e-05,0.3,0.3,0.4,300000,300000,400000,-0.007749144479397251,0.43077211297214885,-0.018041008948567673
2020-10-15,0.1,2.241906552669093e-05,0.3,0.3,0.4,300000,300000,400000,-0.0012839318040997248,0.42930603795529765,-0.003042936167048371
2020-10-16,0.1,2.241906552669093e-05,0.3,0.3,0.4,300000,300000,400000,-3.970292589647877e-05,0.42900311615366304,-0.0001448054549816334
2020-10-17,0.1,2.241906552669093e-05,0.3,0.3,0.4,300000,300000,400000,-0.01348010919500472,0.42900434980133945,-0.0314741057212685
2020-10-18,0.1,2.241906552669093e-05,0.3,0.3,0.4,300000,300000,400000,0.0034273746106149973,0.42900660829450116,0.007936837053919921
2020-10-19,0.1,2.241906552669093e-05,0.3,0.3,0.4,300000,300000,400000,0.011091198954669921,0.42891551853089865,0.025806433693645537
2020-10-20,0.1,2.241906552669093e-05,0.3,0.3,0.4,300000,300000,400000,0.007957882031351391,0.42871423483361165,0.018509912480290127
2020-10-21,0.1,2.241906552669093e-05,0.3,0.3,0.4,300000,300000,400000,-0.005012828859902374,0.4279941108217745,-0.011764759836907767
2020-10-22,0.1,2.241906552669093e-05,0.3,0.3,0.4,300000,300000,400000,0.04131352098005317,0.42833165997848494,0.096399836324498
2020-10-23,0.1,2.241906552669093e-05,0.3,0.3,0.4,300000,300000,400000,0.020296078673081117,0.4287453327003224,0.04728601820541563
2020-10-24,0.1,2.241906552669093e-05,0.3,0.3,0.4,300000,300000,400000,-0.0036541185224790882,0.4283083128039901,-0.008583857651365035
2020-10-25,0.1,2.241906552669093e-05,0.3,0.3,0.4,300000,300000,400000,0.0063911476633291995,0.4268690425017945,0.014919630996140309
2020-10-26,0.1,2.241906552669093e-05,0.3,0.3,0.4,300000,300000,400000,-0.006153613938598067,0.4269344864777505,-0.014465997008294196
2020-10-27,0.1,2.241906552669093e-05,0.3,0.3,0.4,300000,300000,400000,-0.008519128512090756,0.42705092721601295,-0.020001238806108296
2020-10-28,0.1,2.241906552669093e-05,0.3,0.3,0.4,300000,300000,400000,0.021400096548318915,0.4266691414337153,0.05010364098738865
2020-10-29,0.1,2.241906552669093e-05,0.3,0.3,0.4,300000,300000,400000,-0.019061084702209786,0.4251866977457642,-0.04488264536240796
2020-10-30,0.1,2.241906552669093e-05,0.3,0.3,0.4,300000,300000,400000,0.0017216438247505959,0.4251739046474688,0.003996540569988203
2020-10-31,0.1,2.241906552669093e-05,0.3,0.3,0.4,300000,300000,400000,-0.0006163811016621668,0.42508832376843564,-0.001502746915101908
2020-11-01,0.09,2.2419810036033994e-05,0.3,0.3,0.4,300000,300000,400000,0.007666545457253715,0.42507827591627134,0.017982865933904753
2020-11-02,0.09,2.2419810036033994e-05,0.3,0.3,0.4,300000,300000,400000,0.005809106015531728,0.4244713751611126,0.013632688902282978
2020-11-03,0.09,2.2419810036033994e-05,0.3,0.3,0.4,300000,300000,400000,-0.011954718707947174,0.42420846471095547,-0.028234086573788942
2020-11-04,0.09,2.2419810036033994e-05,0.3,0.3,0.4,300000,300000,400000,0.012502900910890014,0.4232181018762635,0.029489478463997517
2020-11-05,0.09,2.2419810036033994e-05,0.3,0.3,0.4,300000,300000,400000,0.013330900211800856,0.42066891570598036,0.03163647206837257
2020-11-06,0.09,2.2419810036033994e-05,0.3,0.3,0.4,300000,300000,400000,0.0414907266095964,0.4225169858308686,0.09814589280479227
2020-11-07,0.09,2.2419810036033994e-05,0.3,0.3,0.4,300000,300000,400000,0.02784279551999118,0.42329641556971087,0.06572315447677947
2020-11-08,0.09,2.2419810036033994e-05,0.3,0.3,0.4,300000,300000,400000,-0.02676427315559097,0.42380873542847336,-0.0632046740106607
2020-11-09,0.09,2.2419810036033994e-05,0.3,0.3,0.4,300000,300000,400000,0.027470721630284786,0.42456026930057716,0.06465113154715874
2020-11-10,0.09,2.2419810036033994e-05,0.3,0.3,0.4,300000,300000,400000,-0.009897921965412547,0.42386682060563835,-0.02340438386112409
2020-11-11,0.09,2.2419810036033994e-05,0.3,0.3,0.4,300000,300000,400000,0.0021130010964163005,0.4235164971941273,0.004936245223576277
2020-11-12,0.09,2.2419810036033994e-05,0.3,0.3,0.4,300000,300000,400000,0.016937402970395386,0.4237675995066732,0.0399157065808024
2020-11-13,0.09,2.2419810036033994e-05,0.3,0.3,0.4,300000,300000,400000,0.010435759142474788,0.423658001599193,0.02457958847261529
2020-11-14,0.09,2.2419810036033994e-05,0.3,0.3,0.4,300000,300000,400000,0.010079694769219393,0.42314437948885786,0.023767951192763474
2020-11-15,0.09,2.2419810036033994e-05,0.3,0.3,0.4,300000,300000,400000,-0.012592060309962827,0.4230070837465888,-0.029820966609523325
2020-11-16,0.09,2.2419810036033994e-05,0.3,0.3,0.4,300000,300000,400000,-0.010817974270759832,0.41553489365073515,-0.02608780693615449
2020-11-17,0.09,2.2419810036033994e-05,0.3,0.3,0.4,300000,300000,400000,0.021828442161125314,0.41596555470412755,0.052422663618384706
2020-11-18,0.09,2.2419810036033994e-05,0.3,0.3,0.4,300000,300000,400000,0.030376854645840744,0.4168794046161149,0.07281346715546362
2020-11-19,0.09,2.2419810036033994e-05,0.3,0.3,0.4,300000,300000,400000,0.0013185125389723604,0.4167257312899654,0.003110181665346893
2020-11-20,0.09,2.2419810036033994e-05,0.3,0.3,0.4,300000,300000,400000,-0.005243042120038677,0.34190332896640985,-0.015400440662547669
2020-11-21,0.09,2.2419810036033994e-05,0.3,0.3,0.4,300000,300000,400000,0.03748247631132029,0.3342565001857718,0.1120697921520295
2020-11-22,0.09,2.2419810036033994e-05,0.3,0.3,0.4,300000,300000,400000,0.024601420296617958,0.33213890959273623,0.07400217131055295
2020-11-23,0.09,2.2419810036033994e-05,0.3,0.3,0.4,300000,300000,400000,0.0015879430265344214,0.3319721749366476,0.004715826610459586
2020-11-24,0.09,2.2419810036033994e-05,0.3,0.3,0.4,300000,300000,400000,0.025085769079036844,0.32773150022925457,0.07647525261217951
2020-11-25,0.09,2.2419810036033994e-05,0.3,0.3,0.4,300000,300000,400000,0.009184805399910267,0.32597939865592984,0.028107253487957687
2020-11-26,0.09,2.2419810036033994e-05,0.3,0.3,0.4,300000,300000,400000,-0.022425465983680216,0.3270221597012332,-0.06864331705907818
2020-11-27,0.09,2.2419810036033994e-05,0.3,0.3,0.4,300000,300000,400000,-0.052125011692502866,0.319377351087471,-0.1632784269923285
2020-11-28,0.09,2.2419810036033994e-05,0.3,0.3,0.4,300000,300000,400000,-0.00048059297231564104,0.31914897910575685,-0.0015761065059994787
2020-11-29,0.09,2.2419810036033994e-05,0.3,0.3,0.4,300000,300000,400000,0.021637726366291264,0.3196263529985109,0.06762679720703735
2020-11-30,0.09,2.2419810036033994e-05,0.3,0.3,0.4,300000,300000,400000,0.02849996219664716,0.3182379162231779,0.08948507055532641
2020-12-01,0.09,2.2419810036033994e-05,0.3,0.3,0.4,300000,300000,400000,0.04335763727877277,0.31523126685754566,0.13747119028113447
2020-12-02,0.09,2.2419810036033994e-05,0.3,0.3,0.4,300000,300000,400000,-0.022611047825099338,0.315884428343924,-0.07165110275867362
2020-12-03,0.09,2.2419810036033994e-05,0.3,0.3,0.4,300000,300000,400000,0.010263151594646346,0.3157879859756178,0.03242913676076646
2020-12-04,0.09,2.2419810036033994e-05,0.3,0.3,0.4,300000,300000,400000,0.01244266472807125,0.31587291685046764,0.03932038568509147
2020-12-05,0.09,2.2419810036033994e-05,0.3,0.3,0.4,300000,300000,400000,-0.033217748325372165,0.3157050752912421,-0.10528867204540093
2020-12-06,0.09,2.2419810036033994e-05,0.3,0.3,0.4,300000,300000,400000,0.01985744341797495,0.31604061975309927,0.0627609945311291
2020-12-07,0.09,2.2419810036033994e-05,0.3,0.3,0.4,300000,300000,400000,0.005976873159787677,0.31422768257782835,0.01894948688448808
2020-12-08,0.09,2.2419810036033994e-05,0.3,0.3,0.4,300000,300000,400000,-0.0067341401567156955,0.3120789977559559,-0.02165015914347214
2020-12-09,0.09,2.2419810036033994e-05,0.3,0.3,0.4,300000,300000,400000,-0.03273815474178048,0.31417340994647663,-0.10427545271064693
2020-12-10,0.09,2.2419810036033994e-05,0.3,0.3,0.4,300000,300000,400000,0.014335757885550594,0.31407039765469563,0.04557366177264291
2020-12-11,0.09,2.2419810036033994e-05,0.3,0.3,0.4,300000,300000,400000,-0.011912400809607747,0.3140384944284637,-0.03800432377363365
2020-12-12,0.09,2.2419810036033994e-05,0.3,0.3,0.4,300000,300000,400000,-0.01108902065145546,0.314288353186946,-0.03535428643415925
2020-12-13,0.09,2.2419810036033994e-05,0.3,0.3,0.4,300000,300000,400000,0.024748165322779347,0.31490861830956735,0.07851720808871909
2020-12-14,0.09,2.2419810036033994e-05,0.3,0.3,0.4,300000,300000,400000,0.017091153222541462,0.315078129785085,0.05417301868634305
2020-12-15,0.09,2.2419810036033994e-05,0.3,0.3,0.4,300000,300000,400000,-0.0007165959259384348,0.3057417209284055,-0.0024171242764330536
2020-12-16,0.09,2.2419810036033994e-05,0.3,0.3,0.4,300000,300000,400000,0.004500192393225011,0.3052921882118879,0.014667170520855845
2020-12-17,0.09,2.2419810036033994e-05,0.3,0.3,0.4,300000,300000,400000,0.052997252220017825,0.30882382677357084,0.1715373873947325
2020-12-18,0.09,2.2419810036033994e-05,0.3,0.3,0.4,300000,300000,400000,0.024771839869779287,0.30941569339378316,0.07998760433991782
2020-12-19,0.09,2.2419810036033994e-05,0.3,0.3,0.4,300000,300000,400000,0.008974892353786257,0.30646879389417464,0.02921169372579435
2020-12-20,0.09,2.2419810036033994e-05,0.3,0.3,0.4,300000,300000,400000,0.01189894726125873,0.3065780223779068,0.038739004704593474
2020-12-21,0.09,2.2419810036033994e-05,0.3,0.3,0.4,300000,300000,400000,-0.013345711074761546,0.3070421162578326,-0.043538427391413476
2020-12-22,0.09,2.2419810036033994e-05,0.3,0.3,0.4,300000,300000,400000,-0.022276544284667466,0.3079620178827198,-0.07240816334433664
2020-12-23,0.09,2.2419810036033994e-05,0.3,0.3,0.4,300000,300000,400000,0.024603114918352896,0.308688648003935,0.07962941062867826
2020-12-24,0.09,2.2419810036033994e-05,0.3,0.3,0.4,300000,300000,400000,-0.028342094413147036,0.30946548727050693,-0.09165647023633805
2020-12-25,0.09,2.2419810036033994e-05,0.3,0.3,0.4,300000,300000,400000,0.01854430130101474,0.30535459642795854,0.0606569598350504
2020-12-26,0.09,2.2419810036033994e-05,0.3,0.3,0.4,300000,300000,400000,0.018154969698568755,0.3056388056726035,0.05932672668521053
2020-12-27,0.09,2.2419810036033994e-05,0.3,0.3,0.4,300000,300000,400000,0.026883588723801987,0.3045493731942382,0.0881997182658268
2020-12-28,0.09,2.2419810036033994e-05,0.3,0.3,0.4,300000,300000,400000,0.024341548905254293,0.3046373198329091,0.07982977630106872
2020-12-29,0.09,2.2419810036033994e-05,0.3,0.3,0.4,300000,300000,400000,0.026815133203377358,0.3039756807494434,0.08814097669683525
2020-12-30,0.09,2.2419810036033994e-05,0.3,0.3,0.4,300000,300000,400000,0.004395590960932161,0.3039378928911993,0.014388370957291565
2020-12-31,0.09,2.2419810036033994e-05,0.3,0.3,0.4,300000,300000,400000,0.022504480402989756,0.3031459152700646,0.07416250544865516
2021-01-01,0.08,2.2420554545155014e-05,0.3,0.3,0.4,300000,300000,400000,-0.0037390809359198257,0.3030129890387558,-0.012413664187787934
2021-01-02,0.08,2.2420554545155014e-05,0.3,0.3,0.4,300000,300000,400000,-2.2940164710571944e-05,0.3029865797749323,-0.00014971197499711797
2021-01-03,0.08,2.2420554545155014e-05,0.3,0.3,0.4,300000,300000,400000,0.04828318894465604,0.3061339992873391,0.1576458952695844
2021-01-04,0.08,2.2420554545155014e-05,0.3,0.3,0.4,300000,300000,400000,0.08091004306265248,0.3156374777707797,0.2562674847086728
2021-01-05,0.08,2.2420554545155014e-05,0.3,0.3,0.4,300000,300000,400000,0.004639534940711499,0.31563359416122627,0.014628082915052168
2021-01-06,0.08,2.2420554545155014e-05,0.3,0.3,0.4,300000,300000,400000,0.04716894778912826,0.3185429474317319,0.14800681545362812
2021-01-07,0.08,2.2420554545155014e-05,0.3,0.3,0.4,300000,300000,400000,0.05371510213688255,0.31635497128445744,0.16972289502622814
2021-01-08,0.08,2.2420554545155014e-05,0.3,0.3,0.4,300000,300000,400000,0.026425160631737186,0.3163114293213024,0.08347071155109191
2021-01-09,0.08,2.2420554545155014e-05,0.3,0.3,0.4,300000,300000,400000,0.008233541968537882,0.3160880089863013,0.02597732650575993
2021-01-10,0.08,2.2420554545155014e-05,0.3,0.3,0.4,300000,300000,400000,0.010716341621566882,0.3161356040691825,0.033827006288989485
2021-01-11,0.08,2.2420554545155014e-05,0.3,0.3,0.4,300000,300000,400000,-0.017691577968699534,0.3166603131392325,-0.055940065073629905
2021-01-12,0.08,2.2420554545155014e-05,0.3,0.3,0.4,300000,300000,400000,-0.06267380192187873,0.32354729700470003,-0.19377761167175853
2021-01-13,0.08,2.2420554545155014e-05,0.3,0.3,0.4,300000,300000,400000,-0.027594921345369592,0.32508551009615066,-0.08495408451685944
2021-01-14,0.08,2.2420554545155014e-05,0.3,0.3,0.4,300000,300000,400000,0.05595773187206279,0.32914951298758605,0.16993891563080407
2021-01-15,0.08,2.2420554545155014e-05,0.3,0.3,0.4,300000,300000,400000,0.036739077957060835,0.32825314045074483,0.11185470259963927
2021-01-16,0.08,2.2420554545155014e-05,0.3,0.3,0.4,300000,300000,400000,-0.029796026246204442,0.3298806378222121,-0.09039162467249785
2021-01-17,0.08,2.2420554545155014e-05,0.3,0.3,0.4,300000,300000,400000,0.011733749899755109,0.32968514399226767,0.03552276940171932
2021-01-18,0.08,2.2420554545155014e-05,0.3,0.3,0.4,300000,300000,400000,-0.004994614228853933,0.32399720506965934,-0.015484808834447897
2021-01-19,0.08,2.2420554545155014e-05,0.3,0.3,0.4,300000,300000,400000,0.013128698364831791,0.32383796467201287,0.04047171499351794
2021-01-20,0.08,2.2420554545155014e-05,0.3,0.3,0.4,300000,300000,400000,0.02644330497926114,0.32449132663947267,0.08142246727620861
2021-01-21,0.08,2.2420554545155014e-05,0.3,0.3,0.4,300000,300000,400000,-0.0037762823464444926,0.3233438261200582,-0.011748184422049803
2021-01-22,0.08,2.2420554545155014e-05,0.3,0.3,0.4,300000,300000,400000,-0.09631035685101083,0.3381440364856487,-0.28488681452657966
2021-01-23,0.08,2.2420554545155014e-05,0.3,0.3,0.4,300000,300000,400000,0.05024224222574676,0.3397764438240704,0.14780254071175236
2021-01-24,0.08,2.2420554545155014e-05,0.3,0.3,0.4,300000,300000,400000,-0.00942657539068068,0.3399602388336594,-0.02779441495171197
2021-01-25,0.08,2.2420554545155014e-05,0.3,0.3,0.4,300000,300000,400000,0.041250102759582116,0.34168118080964094,0.12066126120070372
2021-01-26,0.08,2.2420554545155014e-05,0.3,0.3,0.4,300000,300000,400000,-0.013933399279230907,0.3420626131259829,-0.040799021285135545
2021-01-27,0.08,2.2420554545155014e-05,0.3,0.3,0.4,300000,300000,400000,0.009134645336036317,0.342082358345686,0.026637517425797636
2021-01-28,0.08,2.2420554545155014e-05,0.3,0.3,0.4,300000,300000,400000,-0.04226314829838131,0.3448202226530076,-0.1226307683684736
2021-01-29,0.08,2.2420554545155014e-05,0.3,0.3,0.4,300000,300000,400000,0.04455075355057705,0.34545624048079876,0.12889717358719094
2021-01-30,0.08,2.2420554545155014e-05,0.3,0.3,0.4,300000,300000,400000,0.020897814369193978,0.3457354105739089,0.06037968103989229
2021-01-31,0.08,2.2420554545155014e-05,0.3,0.3,0.4,300000,300000,400000,-0.0012709127020497756,0.34576966422027494,-0.0037404474435646378
2021-02-01,0.04,2.2423532579862737e-05,0.3,0.3,0.4,300000,300000,400000,-0.02205048354535285,0.34572316893421123,-0.06384561134846313
2021-02-02,0.04,2.2423532579862737e-05,0.3,0.3,0.4,300000,300000,400000,0.014862182020052983,0.3458392892323814,0.0429094060435157
2021-02-03,0.04,2.2423532579862737e-05,0.3,0.3,0.4,300000,300000,400000,0.0505939323625833,0.34876751840291104,0.14500062695511995
2021-02-04,0.04,2.2423532579862737e-05,0.3,0.3,0.4,300000,300000,400000,0.04607022334963695,0.3508171890357347,0.13125867618865902
2021-02-05,0.04,2.2423532579862737e-05,0.3,0.3,0.4,300000,300000,400000,-0.01863840247339127,0.350725084964928,-0.053206419517546594
2021-02-06,0.04,2.2423532579862737e-05,0.3,0.3,0.4,300000,300000,400000,0.035611936247412455,0.35203247132801935,0.10109724418481482
2021-02-07,0.04,2.2423532579862737e-05,0.3,0.3,0.4,300000,300000,400000,0.002929346599512206,0.35046288537911857,0.008294524722033647
2021-02-08,0.04,2.2423532579862737e-05,0.3,0.3,0.4,300000,300000,400000,-0.0168130402047661,0.35032945198119514,-0.04805609018064987
2021-02-09,0.04,2.2423532579862737e-05,0.3,0.3,0.4,300000,300000,400000,0.0842983887413639,0.35730457076316846,0.23586590294319107
2021-02-10,0.04,2.2423532579862737e-05,0.3,0.3,0.4,300000,300000,400000,0.004799803219853338,0.35537383845292436,0.013443250938423608
2021-02-11,0.04,2.2423532579862737e-05,0.3,0.3,0.4,300000,300000,400000,-0.016145539662025376,0.35589923788519695,-0.0454284850135604
2021-02-12,0.04,2.2423532579862737e-05,0.3,0.3,0.4,300000,300000,400000,0.027334304836196945,0.35661655003368636,0.0765861295585894
2021-02-13,0.04,2.2423532579862737e-05,0.3,0.3,0.4,300000,300000,400000,0.007365670085656062,0.3563749375180704,0.020605395553956008
2021-02-14,0.04,2.2423532579862737e-05,0.3,0.3,0.4,300000,300000,400000,-0.007929134752950174,0.3565996177037732,-0.022298280454510707
2021-02-15,0.04,2.2423532579862737e-05,0.3,0.3,0.4,300000,300000,400000,0.0096894803198853,0.3566329263831514,0.027106461776666015
2021-02-16,0.04,2.2423532579862737e-05,0.3,0.3,0.4,300000,300000,400000,-0.009226771821991898,0.35690745568529775,-0.025914828080047775
2021-02-17,0.04,2.2423532579862737e-05,0.3,0.3,0.4,300000,300000,400000,0.00955119572156342,0.3568523801621889,0.026702280042668468
2021-02-18,0.04,2.2423532579862737e-05,0.3,0.3,0.4,300000,300000,400000,0.02831437043230685,0.3576123439659553,0.07911345169455442
2021-02-19,0.04,2.2423532579862737e-05,0.3,0.3,0.4,300000,300000,400000,0.012763151072487077,0.35538702986937803,0.035850288471670023
2021-02-20,0.04,2.2423532579862737e-05,0.3,0.3,0.4,300000,300000,400000,0.02983828223921614,0.35618432759782664,0.08370906970477891
2021-02-21,0.04,2.2423532579862737e-05,0.3,0.3,0.4,300000,300000,400000,-0.004361354945039609,0.3562863891787328,-0.012304086293401255
2021-02-22,0.04,2.2423532579862737e-05,0.3,0.3,0.4,300000,300000,400000,0.008757362426277181,0.35590288320005337,0.024543040548472884
2021-02-23,0.04,2.2423532579862737e-05,0.3,0.3,0.4,300000,300000,400000,-0.040555001971164614,0.3588165930797975,-0.11308681450726675
2021-02-24,0.04,2.2423532579862737e-05,0.3,0.3,0.4,300000,300000,400000,-0.06920992698996388,0.36640394109458824,-0.1889508893264639
2021-02-25,0.04,2.2423532579862737e-05,0.3,0.3,0.4,300000,300000,400000,0.01950682230246366,0.3666000409171692,0.05314892688265183
2021-02-26,0.04,2.2423532579862737e-05,0.3,0.3,0.4,300000,300000,400000,-0.04657371523390301,0.3700673503600908,-0.1259125905626176
2021-02-27,0.04,2.2423532579862737e-05,0.3,0.3,0.4,300000,300000,400000,-0.006457545815044286,0.3700721783494459,-0.017510014874734373
2021-02-28,0.04,2.2423532579862737e-05,0.3,0.3,0.4,300000,300000,400000,0.006691585741540184,0.3700630843268824,0.018021690061550015
2021-03-01,0.03,2.242427708809558e-05,0.3,0.3,0.4,300000,300000,400000,-0.02367971089744474,0.3710634683664109,-0.06387622925770717
2021-03-02,0.03,2.242427708809558e-05,0.3,0.3,0.4,300000,300000,400000,0.06470121569695839,0.37484853459147144,0.17254646997716144
2021-03-03,0.03,2.242427708809558e-05,0.3,0.3,0.4,300000,300000,400000,-0.021558642119655667,0.3757110201257044,-0.05744059993109392
2021-03-04,0.03,2.242427708809558e-05,0.3,0.3,0.4,300000,300000,400000,0.029151048180434926,0.3756184739129564,0.07754843258880001
2021-03-05,0.03,2.242427708809558e-05,0.3,0.3,0.4,300000,300000,400000,-0.01721866908325883,0.37617788347498926,-0.04583228870629026
2021-03-06,0.03,2.242427708809558e-05,0.3,0.3,0.4,300000,300000,400000,0.0008068149282556502,0.37601702128944287,0.002086050914604108
2021-03-07,0.03,2.242427708809558e-05,0.3,0.3,0.4,300000,300000,400000,0.02351862368378297,0.37588097083832,0.0625096805360797
2021-03-08,0.03,2.242427708809558e-05,0.3,0.3,0.4,300000,300000,400000,0.025876587163830702,0.3764308208322641,0.06868237523585538
2021-03-09,0.03,2.242427708809558e-05,0.3,0.3,0.4,300000,300000,400000,0.025061022298877612,0.3769611668417186,0.06642222123718892
2021-03-10,0.03,2.242427708809558e-05,0.3,0.3,0.4,300000,300000,400000,0.018797592265951745,0.3770804865744177,0.04979087663598399
2021-03-11,0.03,2.242427708809558e-05,0.3,0.3,0.4,300000,300000,400000,-0.0035061237249690343,0.3771582423607437,-0.009355616835975574
2021-03-12,0.03,2.242427708809558e-05,0.3,0.3,0.4,300000,300000,400000,0.013431627313452932,0.37694938103996,0.03557295411752736
2021-03-13,0.03,2.242427708809558e-05,0.3,0.3,0.4,300000,300000,400000,-0.01130507301594772,0.37723246663490206,-0.03002789604532883
2021-03-14,0.03,2.242427708809558e-05,0.3,0.3,0.4,300000,300000,400000,0.04728907734998675,0.3795639036138991,0.12452884118553947
2021-03-15,0.03,2.242427708809558e-05,0.3,0.3,0.4,300000,300000,400000,-0.018813989736065094,0.380243052154044,-0.04953782562612658
2021-03-16,0.03,2.242427708809558e-05,0.3,0.3,0.4,300000,300000,400000,-0.030344537836268014,0.38132210232314273,-0.07963598734075561
2021-03-17,0.03,2.242427708809558e-05,0.3,0.3,0.4,300000,300000,400000,0.008450596728024153,0.38117232204675744,0.022111186892269145
2021-03-18,0.03,2.242427708809558e-05,0.3,0.3,0.4,300000,300000,400000,0.014892937375446724,0.38115056925825097,0.03901479965594127
2021-03-19,0.03,2.242427708809558e-05,0.3,0.3,0.4,300000,300000,400000,-0.013516639960011678,0.3812142286825322,-0.035515631942413264
2021-03-20,0.03,2.242427708809558e-05,0.3,0.3,0.4,300000,300000,400000,0.007901717877370575,0.38119236304805804,0.020670124493782457
2021-03-21,0.03,2.242427708809558e-05,0.3,0.3,0.4,300000,300000,400000,0.000813503803004334,0.38110935720351646,0.002075728425355333
2021-03-22,0.03,2.242427708809558e-05,0.3,0.3,0.4,300000,300000,400000,-0.008651101329446097,0.381361335592887,-0.022743589339097037
2021-03-23,0.03,2.242427708809558e-05,0.3,0.3,0.4,300000,300000,400000,-0.034023589552361275,0.38325080512443677,-0.0888348135847883
2021-03-24,0.03,2.242427708809558e-05,0.3,0.3,0.4,300000,300000,400000,-0.0011238324696323688,0.3832789536085022,-0.002990659246819226
2021-03-25,0.03,2.242427708809558e-05,0.3,0.3,0.4,300000,300000,400000,-0.027831604081350023,0.38459510679527203,-0.07242429210953377
2021-03-26,0.03,2.242427708809558e-05,0.3,0.3,0.4,300000,300000,400000,-0.005255519345883365,0.38450409869589264,-0.013726625127982908
2021-03-27,0.03,2.242427708809558e-05,0.3,0.3,0.4,300000,300000,400000,0.04247828087726724,0.3862879135207283,0.10990728706271301
2021-03-28,0.03,2.242427708809558e-05,0.3,0.3,0.4,300000,300000,400000,0.006742985216491681,0.3862900834509042,0.017397705059797996
2021-03-29,0.03,2.242427708809558e-05,0.3,0.3,0.4,300000,300000,400000,-0.0048928702407445845,0.3864199955905173,-0.01272008326153322
2021-03-30,0.03,2.242427708809558e-05,0.3,0.3,0.4,300000,300000,400000,0.03311352789603794,0.38730401549604937,0.08543960892470372
2021-03-31,0.03,2.242427708809558e-05,0.3,0.3,0.4,300000,300000,400000,0.009131015227258144,0.38708081387702564,0.023531496844128832
2021-04-01,0.02,2.2425021596106376e-05,0.3,0.3,0.4,300000,300000,400000,0.013083511725913266,0.38655334556211757,0.033788574990404
2021-04-02,0.02,2.2425021596106376e-05,0.3,0.3,0.4,300000,300000,400000,0.008482310408573035,0.38644507937594924,0.021891559340432985
2021-04-03,0.02,2.2425021596106376e-05,0.3,0.3,0.4,300000,300000,400000,0.026241919329184536,0.387017989904753,0.06774748200733814
2021-04-04,0.02,2.2425021596106376e-05,0.3,0.3,0.4,300000,300000,400000,-0.02665654179935171,0.38735731772690535,-0.06887430700291305
2021-04-05,0.02,2.2425021596106376e-05,0.3,0.3,0.4,300000,300000,400000,0.015239375665682854,0.3874176909840372,0.03927789308081373
2021-04-06,0.02,2.2425021596106376e-05,0.3,0.3,0.4,300000,300000,400000,0.005365411933248932,0.3857309906405875,0.013851588390084164
2021-04-07,0.02,2.2425021596106376e-05,0.3,0.3,0.4,300000,300000,400000,-0.0008170428923272355,0.3856368159207681,-0.002176835507572017
2021-04-08,0.02,2.2425021596106376e-05,0.3,0.3,0.4,300000,300000,400000,-0.027810267195511405,0.3870153258555829,-0.07191625333073617
2021-04-09,0.02,2.2425021596106376e-05,0.3,0.3,0.4,300000,300000,400000,0.024236408733723076,0.38731719754185806,0.06251719228013396
2021-04-10,0.02,2.2425021596106376e-05,0.3,0.3,0.4,300000,300000,400000,-0.0012241570200077433,0.3872054365301801,-0.003219433210377166
2021-04-11,0.02,2.2425021596106376e-05,0.3,0.3,0.4,300000,300000,400000,0.020031011693016465,0.38492399158131685,0.051980617236204306
2021-04-12,0.02,2.2425021596106376e-05,0.3,0.3,0.4,300000,300000,400000,0.0010978261859923232,0.3831625197070087,0.0028066449850537036
2021-04-13,0.02,2.2425021596106376e-05,0.3,0.3,0.4,300000,300000,400000,-0.0014627933196138753,0.3830116604855563,-0.003877736618585247
2021-04-14,0.02,2.2425021596106376e-05,0.3,0.3,0.4,300000,300000,400000,0.041029910432671166,0.3847199396752884,0.10659048617466052
2021-04-15,0.02,2.2425021596106376e-05,0.3,0.3,0.4,300000,300000,400000,0.012692689137870462,0.38437999317403265,0.03296286055798368
2021-04-16,0.02,2.2425021596106376e-05,0.3,0.3,0.4,300000,300000,400000,0.012223342025757632,0.38437389619857787,0.0317423142539789
2021-04-17,0.02,2.2425021596106376e-05,0.3,0.3,0.4,300000,300000,400000,-0.018673155323849402,0.38448875539546873,-0.04862451783854129
2021-04-18,0.02,2.2425021596106376e-05,0.3,0.3,0.4,300000,300000,400000,-0.01576974875624139,0.3849230452739669,-0.04102683373139558
2021-04-19,0.02,2.2425021596106376e-05,0.3,0.3,0.4,300000,300000,400000,-0.03255366154655306,0.3866489331216588,-0.08425236377905411
2021-04-20,0.02,2.2425021596106376e-05,0.3,0.3,0.4,300000,300000,400000,-0.013400391219657647,0.38704047169712097,-0.034680652858850886
2021-04-21,0.02,2.2425021596106376e-05,0.3,0.3,0.4,300000,300000,400000,0.02471825701915353,0.3865145723627642,0.06389366343057071
2021-04-22,0.02,2.2425021596106376e-05,0.3,0.3,0.4,300000,300000,400000,-0.004854464806333535,0.3865728313957961,-0.012615707654158429
2021-04-23,0.02,2.2425021596106376e-05,0.3,0.3,0.4,300000,300000,400000,-0.005661448702923554,0.38532580460297805,-0.014750825552355783
2021-04-24,0.02,2.2425021596106376e-05,0.3,0.3,0.4,300000,300000,400000,-0.012108848515417001,0.38567243221138786,-0.031454863049075625
2021-04-25,0.02,2.2425021596106376e-05,0.3,0.3,0.4,300000,300000,400000,-0.025401145916684832,0.3867693144215461,-0.06573316442206524
2021-04-26,0.02,2.2425021596106376e-05,0.3,0.3,0.4,300000,300000,400000,0.005930451354721388,0.3867627148534201,0.015275583985298002
2021-04-27,0.02,2.2425021596106376e-05,0.3,0.3,0.4,300000,300000,400000,0.05987503484626954,0.39072929364955417,0.15318178287997866
2021-04-28,0.02,2.2425021596106376e-05,0.3,0.3,0.4,300000,300000,400000,0.019235437633910134,0.39059097735740295,0.04918959660128944
2021-04-29,0.02,2.2425021596106376e-05,0.3,0.3,0.4,300000,300000,400000,0.01053767966472503,0.3900604056962066,0.0269580159625804
2021-04-30,0.02,2.2425021596106376e-05,0.3,0.3,0.4,300000,300000,400000,-0.005684309087666982,0.39015439563498133,-0.01462686098916124
2021-05-01,0.02,2.2425021596106376e-05,0.3,0.3,0.4,300000,300000,400000,0.025785438496744282,0.3891543803378273,0.06620255296312776
2021-05-02,0.02,2.2425021596106376e-05,0.3,0.3,0.4,300000,300000,400000,0.01810239526097741,0.3893273257472496,0.04643899629875654
2021-05-03,0.02,2.2425021596106376e-05,0.3,0.3,0.4,300000,300000,400000,-0.005427722801313772,0.3893489143892664,-0.013998107151419678
2021-05-04,0.02,2.2425021596106376e-05,0.3,0.3,0.4,300000,300000,400000,0.05261198305200478,0.3920991635324141,0.1341231069116045
2021-05-05,0.02,2.2425021596106376e-05,0.3,0.3,0.4,300000,300000,400000,-0.03652102144431313,0.39287105446792353,-0.09301638807521992
2021-05-06,0.02,2.2425021596106376e-05,0.3,0.3,0.4,300000,300000,400000,0.048051726936881575,0.39521979160996856,0.12152554840341663
2021-05-07,0.02,2.2425021596106376e-05,0.3,0.3,0.4,300000,300000,400000,-0.007329210501965599,0.3952193607404563,-0.018601405330417462
2021-05-08,0.02,2.2425021596106376e-05,0.3,0.3,0.4,300000,300000,400000,0.00440954632065923,0.3950638181776844,0.011104842046279133
2021-05-09,0.02,2.2425021596106376e-05,0.3,0.3,0.4,300000,300000,400000,0.043383530197590045,0.3968977121498784,0.10925007589769052
2021-05-10,0.02,2.2425021596106376e-05,0.3,0.3,0.4,300000,300000,400000,-0.0013047970123999165,0.39632768206350827,-0.003348799728259573
2021-05-11,0.02,2.2425021596106376e-05,0.3,0.3,0.4,300000,300000,400000,-0.008332856897286812,0.39655803969366343,-0.021069505803834612
2021-05-12,0.02,2.2425021596106376e-05,0.3,0.3,0.4,300000,300000,400000,0.02083877362576478,0.3958669112350591,0.05258420952441836
2021-05-13,0.02,2.2425021596106376e-05,0.3,0.3,0.4,300000,300000,400000,-0.05632397872950067,0.398607154944188,-0.14135823467339984
2021-05-14,0.02,2.2425021596106376e-05,0.3,0.3,0.4,300000,300000,400000,-0.012146173834590445,0.3918026621288554,-0.031057979009301788
2021-05-15,0.02,2.2425021596106376e-05,0.3,0.3,0.4,300000,300000,400000,0.026720325344880034,0.3923379192174014,0.06804822836532949
2021-05-16,0.02,2.2425021596106376e-05,0.3,0.3,0.4,300000,300000,400000,-0.05028065736759517,0.3923646224686866,-0.12820493874471522
2021-05-17,0.02,2.2425021596106376e-05,0.3,0.3,0.4,300000,300000,400000,-0.005994307498111062,0.3922830109678913,-0.015337734114107845
2021-05-18,0.02,2.2425021596106376e-05,0.3,0.3,0.4,300000,300000,400000,-0.044183219250323806,0.39536787133140266,-0.11180889363381312
2021-05-19,0.02,2.2425021596106376e-05,0.3,0.3,0.4,300000,300000,400000,0.005392903386964664,0.39464740422247774,0.013608295171608465
2021-05-20,0.02,2.2425021596106376e-05,0.3,0.3,0.4,300000,300000,400000,-0.1193035111996895,0.4136645601932416,-0.2884606217306675
2021-05-21,0.02,2.2425021596106376e-05,0.3,0.3,0.4,300000,300000,400000,0.05808150050127581,0.4169204493746074,0.1392569627293887
2021-05-22,0.02,2.2425021596106376e-05,0.3,0.3,0.4,300000,300000,400000,-0.06175927580581286,0.42218796658067087,-0.1463369534849209
2021-05-23,0.02,2.2425021596106376e-05,0.3,0.3,0.4,300000,300000,400000,-0.01251957004456502,0.4224447778064758,-0.02968907588652139
2021-05-24,0.02,2.2425021596106376e-05,0.3,0.3,0.4,300000,300000,400000,-0.04455961404671538,0.42456386121569073,-0.105006674238961
2021-05-25,0.02,2.2425021596106376e-05,0.3,0.3,0.4,300000,300000,400000,0.10504361401003712,0.43613927700791544,0.24079736571520705
2021-05-26,0.02,2.2425021596106376e-05,0.3,0.3,0.4,300000,300000,400000,0.002943738397312501,0.4360180789243244,0.006699982218451588
2021-05-27,0.02,2.2425021596106376e-05,0.3,0.3,0.4,300000,300000,400000,0.030213257020865192,0.43676639765581493,0.06912352269155186
2021-05-28,0.02,2.2425021596106376e-05,0.3,0.3,0.4,300000,300000,400000,-0.020325514460631047,0.4372468663014899,-0.046536501574826306
2021-05-29,0.02,2.2425021596106376e-05,0.3,0.3,0.4,300000,300000,400000,-0.056626166543546276,0.44142062585173836,-0.12833245264839338
2021-05-30,0.02,2.2425021596106376e-05,0.3,0.3,0.4,300000,300000,400000,-0.02494746242058651,0.44239089841556556,-0.056443040604164586
2021-05-31,0.02,2.2425021596106376e-05,0.3,0.3,0.4,300000,300000,400000,0.02134983615554069,0.44226640829080305,0.04822299576485399
2021-06-01,0.04,2.2423532579862737e-05,0.3,0.3,0.4,300000,300000,400000,0.05280628611213145,0.44291269857240406,0.11917441687647364
2021-06-02,0.04,2.2423532579862737e-05,0.3,0.3,0.4,300000,300000,400000,-0.013691515256847942,0.4432974778492427,-0.03093619854541934
2021-06-03,0.04,2.2423532579862737e-05,0.3,0.3,0.4,300000,300000,400000,0.017862771589512175,0.4422289542568367,0.04034188147384632
2021-06-04,0.04,2.2423532579862737e-05,0.3,0.3,0.4,300000,300000,400000,0.027257277158504102,0.44134070825145383,0.061709362215477265
2021-06-05,0.04,2.2423532579862737e-05,0.3,0.3,0.4,300000,300000,400000,-0.034135195197086916,0.4430416493008475,-0.07709798567148264
2021-06-06,0.04,2.2423532579862737e-05,0.3,0.3,0.4,300000,300000,400000,-0.019057543564756904,0.44367767370806677,-0.04300411814251239
2021-06-07,0.04,2.2423532579862737e-05,0.3,0.3,0.4,300000,300000,400000,0.01235371437543784,0.4437423878418689,0.02778930113670441
2021-06-08,0.04,2.2423532579862737e-05,0.3,0.3,0.4,300000,300000,400000,-0.034436789066395954,0.4453618687536431,-0.07737351357764603
2021-06-09,0.04,2.2423532579862737e-05,0.3,0.3,0.4,300000,300000,400000,-0.0051474123186313735,0.44544480966675953,-0.011606007610861663
2021-06-10,0.04,2.2423532579862737e-05,0.3,0.3,0.4,300000,300000,400000,0.046726700708505486,0.4474001334724129,0.10439039616157256
2021-06-11,0.04,2.2423532579862737e-05,0.3,0.3,0.4,300000,300000,400000,-0.020529058012602873,0.44789210917655764,-0.04588489308946813
2021-06-12,0.04,2.2423532579862737e-05,0.3,0.3,0.4,300000,300000,400000,-0.012531941892267397,0.44805039755258763,-0.02801998501379246
2021-06-13,0.04,2.2423532579862737e-05,0.3,0.3,0.4,300000,300000,400000,-0.010077277226307302,0.44826017265267054,-0.02253089026205504
2021-06-14,0.04,2.2423532579862737e-05,0.3,0.3,0.4,300000,300000,400000,0.046660789356172926,0.45021141376650775,0.10359214448477094
2021-06-15,0.04,2.2423532579862737e-05,0.3,0.3,0.4,300000,300000,400000,0.01962039309342629,0.4504580656931919,0.04350675690685635
2021-06-16,0.04,2.2423532579862737e-05,0.3,0.3,0.4,300000,300000,400000,-0.004847001714401289,0.4500802684620027,-0.010819015158386675
2021-06-17,0.04,2.2423532579862737e-05,0.3,0.3,0.4,300000,300000,400000,-0.03815007642968829,0.45212080482091466,-0.08442986820168186
2021-06-18,0.04,2.2423532579862737e-05,0.3,0.3,0.4,300000,300000,400000,0.0008939893257760345,0.4520431355550153,0.0019280589055424315
2021-06-19,0.04,2.2423532579862737e-05,0.3,0.3,0.4,300000,300000,400000,-0.03695472743290069,0.4537470449144081,-0.08149287445487537
2021-06-20,0.04,2.2423532579862737e-05,0.3,0.3,0.4,300000,300000,400000,-0.009921866274138191,0.4539330226546214,-0.02190695391263536
2021-06-21,0.04,2.2423532579862737e-05,0.3,0.3,0.4,300000,300000,400000,0.01211440608295613,0.4539982171251004,0.026634427392573413
2021-06-22,0.04,2.2423532579862737e-05,0.3,0.3,0.4,300000,300000,400000,-0.08097855283337933,0.4618202860931033,-0.17539501577812747
2021-06-23,0.04,2.2423532579862737e-05,0.3,0.3,0.4,300000,300000,400000,0.003627446621914909,0.46167113535830534,0.007808638689393414
2021-06-24,0.04,2.2423532579862737e-05,0.3,0.3,0.4,300000,300000,400000,0.026352800199706584,0.4621810059289571,0.05696983720523994
2021-06-25,0.04,2.2423532579862737e-05,0.3,0.3,0.4,300000,300000,400000,0.011555754075994117,0.46222216249597126,0.024951920265213978
2021-06-26,0.04,2.2423532579862737e-05,0.3,0.3,0.4,300000,300000,400000,-0.0472391501690875,0.46474067156071475,-0.10169450748296087
2021-06-27,0.04,2.2423532579862737e-05,0.3,0.3,0.4,300000,300000,400000,-0.0019178123326027753,0.46477817170989705,-0.004174541713188899
2021-06-28,0.04,2.2423532579862737e-05,0.3,0.3,0.4,300000,300000,400000,0.05011068255164779,0.46700910346491736,0.10725328188989072
2021-06-29,0.04,2.2423532579862737e-05,0.3,0.3,0.4,300000,300000,400000,0.016835463968388698,0.46716619340606935,0.03598942019589725
2021-06-30,0.04,2.2423532579862737e-05,0.3,0.3,0.4,300000,300000,400000,0.024035622745393614,0.46749518789432476,0.05136566072684759
2021-07-01,0.05,2.242278807140785e-05,0.3,0.3,0.4,300000,300000,400000,0.00856257595980493,0.46603655973422087,0.018325071270382614
2021-07-02,0.05,2.242278807140785e-05,0.3,0.3,0.4,300000,300000,400000,-0.033489013537245885,0.46726974471448146,-0.07171753939642289
2021-07-03,0.05,2.242278807140785e-05,0.3,0.3,0.4,300000,300000,400000,0.007564663778291236,0.4672210317253298,0.016142768578649443
2021-07-04,0.05,2.242278807140785e-05,0.3,0.3,0.4,300000,300000,400000,0.016715772751493763,0.46738816593282345,0.03571624439849778
2021-07-05,0.05,2.242278807140785e-05,0.3,0.3,0.4,300000,300000,400000,0.019272807626808698,0.46752304554564733,0.0411752640263329
2021-07-06,0.05,2.242278807140785e-05,0.3,0.3,0.4,300000,300000,400000,-0.026805952700393407,0.46837703563496375,-0.057279442515994504
2021-07-07,0.05,2.242278807140785e-05,0.3,0.3,0.4,300000,300000,400000,0.01595429223368463,0.46820633644641446,0.034027453721649066
2021-07-08,0.05,2.242278807140785e-05,0.3,0.3,0.4,300000,300000,400000,-0.002345641797969833,0.4676761825166355,-0.005063470569098325
2021-07-09,0.05,2.242278807140785e-05,0.3,0.3,0.4,300000,300000,400000,-0.03352159233528379,0.46918256529733754,-0.07149458996221902
2021-07-10,0.05,2.242278807140785e-05,0.3,0.3,0.4,300000,300000,400000,0.013713769036755499,0.46926068540747096,0.029176418725117677
2021-07-11,0.05,2.242278807140785e-05,0.3,0.3,0.4,300000,300000,400000,-0.007010042574899921,0.46937597316224705,-0.014982584889449483
2021-07-12,0.05,2.242278807140785e-05,0.3,0.3,0.4,300000,300000,400000,0.0082696994635171,0.4693920961396196,0.017570122597446888
2021-07-13,0.05,2.242278807140785e-05,0.3,0.3,0.4,300000,300000,400000,-0.023267938835170473,0.4699137483204166,-0.049563056425752955
2021-07-14,0.05,2.242278807140785e-05,0.3,0.3,0.4,300000,300000,400000,-0.019688108561722616,0.47042686799314243,-0.04189924660102822
2021-07-15,0.05,2.242278807140785e-05,0.3,0.3,0.4,300000,300000,400000,0.010083349690463473,0.47037207354422594,0.021389294705749795
2021-07-16,0.05,2.242278807140785e-05,0.3,0.3,0.4,300000,300000,400000,-0.023562391586767182,0.4696358710329157,-0.05021936319081892
2021-07-17,0.05,2.242278807140785e-05,0.3,0.3,0.4,300000,300000,400000,-0.008812315032476868,0.4691614864237306,-0.018830910200862146
2021-07-18,0.05,2.242278807140785e-05,0.3,0.3,0.4,300000,300000,400000,0.005919446437970776,0.46818975996605955,0.012595370839223097
2021-07-19,0.05,2.242278807140785e-05,0.3,0.3,0.4,300000,300000,400000,0.004078464198959253,0.4675723785878722,0.008674681389729658
2021-07-20,0.05,2.242278807140785e-05,0.3,0.3,0.4,300000,300000,400000,-0.02202546167947984,0.46807641495208646,-0.04710317324962448
2021-07-21,0.05,2.242278807140785e-05,0.3,0.3,0.4,300000,300000,400000,-0.014191565726138698,0.46840459565401843,-0.030345535987672295
2021-07-22,0.05,2.242278807140785e-05,0.3,0.3,0.4,300000,300000,400000,0.05903953079225181,0.4715156653679441,0.12516468134335854
2021-07-23,0.05,2.242278807140785e-05,0.3,0.3,0.4,300000,300000,400000,0.003812015406873081,0.4714641249963398,0.008037923604115359
2021-07-24,0.05,2.242278807140785e-05,0.3,0.3,0.4,300000,300000,400000,0.022952410878303974,0.471821282466738,0.04859888466741443
2021-07-25,0.05,2.242278807140785e-05,0.3,0.3,0.4,300000,300000,400000,0.016225655055283374,0.47171407939640375,0.03434968972718667
2021-07-26,0.05,2.242278807140785e-05,0.3,0.3,0.4,300000,300000,400000,0.014458421397880828,0.4716144392147085,0.030609746881047565
2021-07-27,0.05,2.242278807140785e-05,0.3,0.3,0.4,300000,300000,400000,0.018269619208457332,0.4714906764878295,0.038701075822560695
2021-07-28,0.05,2.242278807140785e-05,0.3,0.3,0.4,300000,300000,400000,0.022839816816706993,0.47112276300646866,0.04843194984472082
2021-07-29,0.05,2.242278807140785e-05,0.3,0.3,0.4,300000,300000,400000,0.008268050038055752,0.4711390714701582,0.017501471962948035
2021-07-30,0.05,2.242278807140785e-05,0.3,0.3,0.4,300000,300000,400000,0.010534362881083458,0.47110237251215403,0.022313494277171893
2021-07-31,0.05,2.242278807140785e-05,0.3,0.3,0.4,300000,300000,400000,0.024644075865734583,0.47035428462147694,0.05234703686706657
2021-08-01,0.05,2.242278807140785e-05,0.3,0.3,0.4,300000,300000,400000,0.008364528159784224,0.46991053242941216,0.017752539677254264
2021-08-02,0.05,2.242278807140785e-05,0.3,0.3,0.4,300000,300000,400000,-0.011585496140466688,0.4701532461174297,-0.024689649650188307
2021-08-03,0.05,2.242278807140785e-05,0.3,0.3,0.4,300000,300000,400000,0.0018337054244010889,0.46966116873649205,0.0038565731146189748
2021-08-04,0.05,2.242278807140785e-05,0.3,0.3,0.4,300000,300000,400000,-0.017329177452684783,0.4700876564193105,-0.0369114142943563
2021-08-05,0.05,2.242278807140785e-05,0.3,0.3,0.4,300000,300000,400000,0.03501026432976286,0.47042794991510883,0.07437449570758964
2021-08-06,0.05,2.242278807140785e-05,0.3,0.3,0.4,300000,300000,400000,0.018806442100411824,0.4673248008219042,0.040194783754904845
2021-08-07,0.05,2.242278807140785e-05,0.3,0.3,0.4,300000,300000,400000,0.02166716988300723,0.4676404745598157,0.04628501652965295
2021-08-08,0.05,2.242278807140785e-05,0.3,0.3,0.4,300000,300000,400000,0.040203214045035324,0.46871076720245075,0.08572619634233532
2021-08-09,0.05,2.242278807140785e-05,0.3,0.3,0.4,300000,300000,400000,-0.019224806074451182,0.4686434980470601,-0.04107008620140896
2021-08-10,0.05,2.242278807140785e-05,0.3,0.3,0.4,300000,300000,400000,0.03256077903993049,0.4678541881446932,0.06954807090835734
2021-08-11,0.05,2.242278807140785e-05,0.3,0.3,0.4,300000,300000,400000,-0.005784584800920867,0.46720113474894887,-0.012429352493145543
2021-08-12,0.05,2.242278807140785e-05,0.3,0.3,0.4,300000,300000,400000,0.0018835433331160223,0.467161856646706,0.003983888064842798
2021-08-13,0.05,2.242278807140785e-05,0.3,0.3,0.4,300000,300000,400000,-0.018794444546032928,0.4676308399285025,-0.040238721930703505
2021-08-14,0.05,2.242278807140785e-05,0.3,0.3,0.4,300000,300000,400000,0.048775202133201676,0.4683106222983486,0.10410350955924108
2021-08-15,0.05,2.242278807140785e-05,0.3,0.3,0.4,300000,300000,400000,-0.008875395037083188,0.46821999875790854,-0.01900349803246055
2021-08-16,0.05,2.242278807140785e-05,0.3,0.3,0.4,300000,300000,400000,0.0033842990027107885,0.4682159807778416,0.007180182549630911
2021-08-17,0.05,2.242278807140785e-05,0.3,0.3,0.4,300000,300000,400000,-0.02048306604813168,0.4687326240788199,-0.043746664479566884
2021-08-18,0.05,2.242278807140785e-05,0.3,0.3,0.4,300000,300000,400000,-0.0236800967109841,0.4681089297338997,-0.050634623681563594
2021-08-19,0.05,2.242278807140785e-05,0.3,0.3,0.4,300000,300000,400000,0.006250703863311657,0.4679983670178029,0.013308339332310796
2021-08-20,0.05,2.242278807140785e-05,0.3,0.3,0.4,300000,300000,400000,0.022162405590611247,0.46808282001009316,0.04729928520355103
2021-08-21,0.05,2.242278807140785e-05,0.3,0.3,0.4,300000,300000,400000,0.028344565444642787,0.4684643202993937,0.06045741677502954
2021-08-22,0.05,2.242278807140785e-05,0.3,0.3,0.4,300000,300000,400000,-0.006439120899407757,0.46812848766135784,-0.013802927738406337
2021-08-23,0.05,2.242278807140785e-05,0.3,0.3,0.4,300000,300000,400000,0.0037647345883577987,0.46794597857694303,0.007997315868953563
2021-08-24,0.05,2.242278807140785e-05,0.3,0.3,0.4,300000,300000,400000,0.008756463777693568,0.4679456554600596,0.018664648101146084
2021-08-25,0.05,2.242278807140785e-05,0.3,0.3,0.4,300000,300000,400000,-0.02244798383690757,0.4686952428497716,-0.04794246787817579
2021-08-26,0.05,2.242278807140785e-05,0.3,0.3,0.4,300000,300000,400000,0.011732385547211855,0.4661693307674922,0.025119547740005528
2021-08-27,0.05,2.242278807140785e-05,0.3,0.3,0.4,300000,300000,400000,-0.020919496924797387,0.4663431909263425,-0.04490666985245316
2021-08-28,0.05,2.242278807140785e-05,0.3,0.3,0.4,300000,300000,400000,0.025673328105711633,0.4668350256535206,0.05494640270774803
2021-08-29,0.05,2.242278807140785e-05,0.3,0.3,0.4,300000,300000,400000,-0.002916750288967196,0.4668078902460127,-0.0062963226167613165
2021-08-30,0.05,2.242278807140785e-05,0.3,0.3,0.4,300000,300000,400000,-0.0012840491660816799,0.4665237721992637,-0.0028004402605127303
2021-08-31,0.05,2.242278807140785e-05,0.3,0.3,0.4,300000,300000,400000,-0.010988398589525916,0.4660300576404481,-0.02362684809075642
2021-09-01,0.04,2.2423532579862737e-05,0.3,0.3,0.4,300000,300000,400000,0.020639913960010102,0.46586843305383635,0.044256036607330414
2021-09-02,0.04,2.2423532579862737e-05,0.3,0.3,0.4,300000,300000,400000,0.039959997207340274,0.4661607329905471,0.08567339728198486
2021-09-03,0.04,2.2423532579862737e-05,0.3,0.3,0.4,300000,300000,400000,0.0033905769661418004,0.46593093006588887,0.007228868521533086
2021-09-04,0.04,2.2423532579862737e-05,0.3,0.3,0.4,300000,300000,400000,0.014929883469597005,0.46584300580877447,0.03200103844241585
2021-09-05,0.04,2.2423532579862737e-05,0.3,0.3,0.4,300000,300000,400000,-0.0026614890279000433,0.46531518488729917,-0.005767945357575121
2021-09-06,0.04,2.2423532579862737e-05,0.3,0.3,0.4,300000,300000,400000,0.01436730123067491,0.46497920204243504,0.030850579198133474
2021-09-07,0.04,2.2423532579862737e-05,0.3,0.3,0.4,300000,300000,400000,0.005532444502772005,0.4644049922745792,0.011864689359184031
2021-09-08,0.04,2.2423532579862737e-05,0.3,0.3,0.4,300000,300000,400000,-0.07092966051234906,0.47035326118780835,-0.1508485002649919
2021-09-09,0.04,2.2423532579862737e-05,0.3,0.3,0.4,300000,300000,400000,-0.000872662528523516,0.46997800163633796,-0.0019045275693477738
2021-09-10,0.04,2.2423532579862737e-05,0.3,0.3,0.4,300000,300000,400000,-0.0023892820861689088,0.4699597803928538,-0.005131727691107424
2021-09-11,0.04,2.2423532579862737e-05,0.3,0.3,0.4,300000,300000,400000,-0.030797620186416526,0.4711814851249459,-0.06541013323310796
2021-09-12,0.04,2.2423532579862737e-05,0.3,0.3,0.4,300000,300000,400000,0.008084735034486123,0.4690242053922222,0.01718954247822698
2021-09-13,0.04,2.2423532579862737e-05,0.3,0.3,0.4,300000,300000,400000,0.020383367268689147,0.4627908901609804,0.043995990778960214
2021-09-14,0.04,2.2423532579862737e-05,0.3,0.3,0.4,300000,300000,400000,-0.01708403703101908,0.46321083371876115,-0.03693018236698916
2021-09-15,0.04,2.2423532579862737e-05,0.3,0.3,0.4,300000,300000,400000,0.024546242820720644,0.4615774452003246,0.05313045414837686
2021-09-16,0.04,2.2423532579862737e-05,0.3,0.3,0.4,300000,300000,400000,0.021650600399717668,0.45911682358622014,0.04710822116732154
2021-09-17,0.04,2.2423532579862737e-05,0.3,0.3,0.4,300000,300000,400000,-0.0037927632752141837,0.45852544823873725,-0.008320556301615826
2021-09-18,0.04,2.2423532579862737e-05,0.3,0.3,0.4,300000,300000,400000,-0.017596696025147737,0.4589179553533382,-0.038392743958257154
2021-09-19,0.04,2.2423532579862737e-05,0.3,0.3,0.4,300000,300000,400000,0.007956822532108764,0.45887489721077324,0.017290985076231842
2021-09-20,0.04,2.2423532579862737e-05,0.3,0.3,0.4,300000,300000,400000,-0.013583539731479454,0.45871447827195727,-0.02966107221057185
2021-09-21,0.04,2.2423532579862737e-05,0.3,0.3,0.4,300000,300000,400000,-0.060343313172393775,0.4583893012638622,-0.1316909808726652
2021-09-22,0.04,2.2423532579862737e-05,0.3,0.3,0.4,300000,300000,400000,-0.04128261815157661,0.45948632214501445,-0.08989395264549475
2021-09-23,0.04,2.2423532579862737e-05,0.3,0.3,0.4,300000,300000,400000,0.05986188420162604,0.4599615027800784,0.13009667180267745
2021-09-24,0.04,2.2423532579862737e-05,0.3,0.3,0.4,300000,300000,400000,0.017910994405803106,0.4589256531875346,0.038979234978423156
2021-09-25,0.04,2.2423532579862737e-05,0.3,0.3,0.4,300000,300000,400000,-0.03655617118982408,0.4594470237280001,-0.07961439041568162
2021-09-26,0.04,2.2423532579862737e-05,0.3,0.3,0.4,300000,300000,400000,0.002404741068065852,0.45934501354479085,0.005186335902727044
2021-09-27,0.04,2.2423532579862737e-05,0.3,0.3,0.4,300000,300000,400000,0.01521294177021346,0.4594784578507774,0.03306034913734073
2021-09-28,0.04,2.2423532579862737e-05,0.3,0.3,0.4,300000,300000,400000,-0.01963513527239091,0.4598588547365384,-0.04274693985447545
2021-09-29,0.04,2.2423532579862737e-05,0.3,0.3,0.4,300000,300000,400000,-0.023139180712668225,0.4598855953388168,-0.05036383935483775
2021-09-30,0.04,2.2423532579862737e-05,0.3,0.3,0.4,300000,300000,400000,0.010301406985905292,0.45992966206078634,0.02234903356149905
2021-10-01,0.05,2.242278807140785e-05,0.3,0.3,0.4,300000,300000,400000,0.03298242430571312,0.45029571511086286,0.07319634722601558
2021-10-02,0.05,2.242278807140785e-05,0.3,0.3,0.4,300000,300000,400000,0.05860623749471498,0.4512650997776464,0.1298212840645328
2021-10-03,0.05,2.242278807140785e-05,0.3,0.3,0.4,300000,300000,400000,0.005554604310271516,0.45111947066593705,0.012263229325999983
2021-10-04,0.05,2.242278807140785e-05,0.3,0.3,0.4,300000,300000,400000,0.006050708709015451,0.44945108736454514,0.01341255164447864
2021-10-05,0.05,2.242278807140785e-05,0.3,0.3,0.4,300000,300000,400000,0.0029223338286172513,0.44915498280000155,0.006456370632844805
2021-10-06,0.05,2.242278807140785e-05,0.3,0.3,0.4,300000,300000,400000,0.026184772344983818,0.4497352923239152,0.058172774081668835
2021-10-07,0.05,2.242278807140785e-05,0.3,0.3,0.4,300000,300000,400000,0.02788063376178449,0.44820005169148625,0.062155751362761975
2021-10-08,0.05,2.242278807140785e-05,0.3,0.3,0.4,300000,300000,400000,-0.007993050431951474,0.44635452930086755,-0.017957638365578253
2021-10-09,0.05,2.242278807140785e-05,0.3,0.3,0.4,300000,300000,400000,-0.0023784411245494023,0.4459994785798742,-0.005383109236507411
2021-10-10,0.05,2.242278807140785e-05,0.3,0.3,0.4,300000,300000,400000,0.00868911970230395,0.4460276095053355,0.01943085299998423
2021-10-11,0.05,2.242278807140785e-05,0.3,0.3,0.4,300000,300000,400000,-0.01537379191000342,0.44570889049158524,-0.03454320752070684
2021-10-12,0.05,2.242278807140785e-05,0.3,0.3,0.4,300000,300000,400000,0.025034789690810057,0.4461080553930708,0.05606795618317175
2021-10-13,0.05,2.242278807140785e-05,0.3,0.3,0.4,300000,300000,400000,-0.009808703953920583,0.4436583167738664,-0.02215923013340678
2021-10-14,0.05,2.242278807140785e-05,0.3,0.3,0.4,300000,300000,400000,0.015371895624023902,0.4416753546989944,0.03475283977846872
2021-10-15,0.05,2.242278807140785e-05,0.3,0.3,0.4,300000,300000,400000,0.015537646167031361,0.44138022685057215,0.03515160497711326
2021-10-16,0.05,2.242278807140785e-05,0.3,0.3,0.4,300000,300000,400000,0.029962299370638167,0.44098831538735805,0.06789267546979784
2021-10-17,0.05,2.242278807140785e-05,0.3,0.3,0.4,300000,300000,400000,-0.005518310155112028,0.4410569782487473,-0.012562397187736078
2021-10-18,0.05,2.242278807140785e-05,0.3,0.3,0.4,300000,300000,400000,0.002038434662239974,0.44064122859572524,0.004575177589698931
2021-10-19,0.05,2.242278807140785e-05,0.3,0.3,0.4,300000,300000,400000,-0.005784465069766076,0.43295912650355683,-0.01341209251028406
2021-10-20,0.05,2.242278807140785e-05,0.3,0.3,0.4,300000,300000,400000,0.022650787588481047,0.4334437233999427,0.05220600409878408
2021-10-21,0.05,2.242278807140785e-05,0.3,0.3,0.4,300000,300000,400000,0.03005643965610363,0.433958859020869,0.06920936453699149
2021-10-22,0.05,2.242278807140785e-05,0.3,0.3,0.4,300000,300000,400000,-0.02358491958529173,0.4339888946693282,-0.05439619000239724
2021-10-23,0.05,2.242278807140785e-05,0.3,0.3,0.4,300000,300000,400000,-0.013438151041921063,0.43423059942846454,-0.03099867638924874
2021-10-24,0.05,2.242278807140785e-05,0.3,0.3,0.4,300000,300000,400000,0.01686525670559167,0.4343723339339275,0.03877510744061852
2021-10-25,0.05,2.242278807140785e-05,0.3,0.3,0.4,300000,300000,400000,-0.008000605237516877,0.43441996295593566,-0.018468368651838592
2021-10-26,0.05,2.242278807140785e-05,0.3,0.3,0.4,300000,300000,400000,0.019997142100001652,0.43464635793375606,0.04595625603970796
2021-10-27,0.05,2.242278807140785e-05,0.3,0.3,0.4,300000,300000,400000,-0.01794726318859081,0.4350421327851531,-0.041305622197141546
2021-10-28,0.05,2.242278807140785e-05,0.3,0.3,0.4,300000,300000,400000,-0.024770582384071725,0.4350548608496551,-0.05698822701054942
2021-10-29,0.05,2.242278807140785e-05,0.3,0.3,0.4,300000,300000,400000,0.03705436361020646,0.43634730900218993,0.08486803988047328
2021-10-30,0.05,2.242278807140785e-05,0.3,0.3,0.4,300000,300000,400000,0.01692524646825262,0.43570684007114086,0.0387940287497469
2021-10-31,0.05,2.242278807140785e-05,0.3,0.3,0.4,300000,300000,400000,-0.008808585032750615,0.4357928269723739,-0.020264233998926844
2021-11-01,0.05,2.242278807140785e-05,0.3,0.3,0.4,300000,300000,400000,-0.004023049594348494,0.435775320983832,-0.009283390287652375
2021-11-02,0.05,2.242278807140785e-05,0.3,0.3,0.4,300000,300000,400000,0.0009926028549642975,0.43370175789592286,0.002236975177595908
2021-11-03,0.05,2.242278807140785e-05,0.3,0.3,0.4,300000,300000,400000,0.028870785738428186,0.428614109753448,0.06730614390401483
2021-11-04,0.05,2.242278807140785e-05,0.3,0.3,0.4,300000,300000,400000,0.00018233569933516768,0.42827078703072313,0.0003733920596650176
2021-11-05,0.05,2.242278807140785e-05,0.3,0.3,0.4,300000,300000,400000,-0.011013594576454998,0.42567124753569247,-0.02592615176246086
2021-11-06,0.05,2.242278807140785e-05,0.3,0.3,0.4,300000,300000,400000,-0.005357073206771823,0.4256497680476364,-0.012638315344368253
2021-11-07,0.05,2.242278807140785e-05,0.3,0.3,0.4,300000,300000,400000,0.004192598253545165,0.4256316310845922,0.009797616438532398
2021-11-08,0.05,2.242278807140785e-05,0.3,0.3,0.4,300000,300000,400000,0.013862631866510777,0.42498085135415814,0.032566665143474005
2021-11-09,0.05,2.242278807140785e-05,0.3,0.3,0.4,300000,300000,400000,0.033428154002583824,0.42152266915087355,0.07925014159216112
2021-11-10,0.05,2.242278807140785e-05,0.3,0.3,0.4,300000,300000,400000,-0.00662711361259114,0.42093518438485034,-0.01579705533615609
2021-11-11,0.05,2.242278807140785e-05,0.3,0.3,0.4,300000,300000,400000,-0.015664870376038195,0.42046591742319883,-0.0373093097777063
2021-11-12,0.05,2.242278807140785e-05,0.3,0.3,0.4,300000,300000,400000,0.005660731622443648,0.4200236713680517,0.013423788273665159
2021-11-13,0.05,2.242278807140785e-05,0.3,0.3,0.4,300000,300000,400000,-0.005669158881125547,0.4200975891663254,-0.013548236923929452
2021-11-14,0.05,2.242278807140785e-05,0.3,0.3,0.4,300000,300000,400000,-0.00011962049701230719,0.4195653845386781,-0.000338548627503899
2021-11-15,0.05,2.242278807140785e-05,0.3,0.3,0.4,300000,300000,400000,0.0037247299561215417,0.41889659542939317,0.008838236472786453
2021-11-16,0.05,2.242278807140785e-05,0.3,0.3,0.4,300000,300000,400000,-0.012325063137768145,0.4185118115408554,-0.02950331528369345
2021-11-17,0.05,2.242278807140785e-05,0.3,0.3,0.4,300000,300000,400000,-0.03859103113370619,0.42013105562866077,-0.09190811629956412
2021-11-18,0.05,2.242278807140785e-05,0.3,0.3,0.4,300000,300000,400000,0.004981870814217038,0.420109701171373,0.011805126166611779
2021-11-19,0.05,2.242278807140785e-05,0.3,0.3,0.4,300000,300000,400000,-0.03943377517865283,0.42196325019647934,-0.09350624242360489
2021-11-20,0.05,2.242278807140785e-05,0.3,0.3,0.4,300000,300000,400000,0.0320768657191655,0.42286052417144265,0.07580381969658176
2021-11-21,0.05,2.242278807140785e-05,0.3,0.3,0.4,300000,300000,400000,0.016581172772677653,0.4206509954033996,0.03936458053243542
2021-11-22,0.05,2.242278807140785e-05,0.3,0.3,0.4,300000,300000,400000,-0.012600960231810397,0.42039337166018476,-0.030027550077753425
2021-11-23,0.05,2.242278807140785e-05,0.3,0.3,0.4,300000,300000,400000,-0.02911772887438024,0.4203013455707581,-0.06933156881256256
2021-11-24,0.05,2.242278807140785e-05,0.3,0.3,0.4,300000,300000,400000,0.0258617431683402,0.4209431828030197,0.06138434220078651
2021-11-25,0.05,2.242278807140785e-05,0.3,0.3,0.4,300000,300000,400000,-0.008773931180928538,0.42086641529306107,-0.020900584245656186
2021-11-26,0.05,2.242278807140785e-05,0.3,0.3,0.4,300000,300000,400000,0.0262377539042439,0.42130517612958746,0.06222408980826059
2021-11-27,0.05,2.242278807140785e-05,0.3,0.3,0.4,300000,300000,400000,-0.05687502545537426,0.4253255081513312,-0.13377389117983846
2021-11-28,0.05,2.242278807140785e-05,0.3,0.3,0.4,300000,300000,400000,0.006592723423344293,0.42535467699911045,0.015446640158341613
2021-11-29,0.05,2.242278807140785e-05,0.3,0.3,0.4,300000,300000,400000,0.030017814212907477,0.4261780942842479,0.07038229281871547
2021-11-30,0.05,2.242278807140785e-05,0.3,0.3,0.4,300000,300000,400000,0.014011513379808105,0.42483717076987454,0.03292812294740165
2021-12-01,0.06,2.2422043562952965e-05,0.3,0.3,0.4,300000,300000,400000,0.008665588965374126,0.42487952958055547,0.02034262966338665
2021-12-02,0.06,2.2422043562952965e-05,0.3,0.3,0.4,300000,300000,400000,-0.0022328738055239273,0.42384739914775765,-0.0053210090556687845
2021-12-03,0.06,2.2422043562952965e-05,0.3,0.3,0.4,300000,300000,400000,-0.008046853907430873,0.42390496190712934,-0.01903557796231145
2021-12-04,0.06,2.2422043562952965e-05,0.3,0.3,0.4,300000,300000,400000,-0.03298255279699038,0.4233956808432384,-0.07795302676404338
2021-12-05,0.06,2.2422043562952965e-05,0.3,0.3,0.4,300000,300000,400000,-0.03558109237062962,0.4250069695622828,-0.08377160132423439
2021-12-06,0.06,2.2422043562952965e-05,0.3,0.3,0.4,300000,300000,400000,0.007747290324929933,0.4250015885334742,0.018176092724788838
2021-12-07,0.06,2.2422043562952965e-05,0.3,0.3,0.4,300000,300000,400000,0.017923430591519796,0.42414252226847277,0.042205173044701005
2021-12-08,0.06,2.2422043562952965e-05,0.3,0.3,0.4,300000,300000,400000,-0.0014412283282858485,0.42408511876444344,-0.0034513127367286397
2021-12-09,0.06,2.2422043562952965e-05,0.3,0.3,0.4,300000,300000,400000,0.007734086608765677,0.4239725290983621,0.018189066592598998
2021-12-10,0.06,2.2422043562952965e-05,0.3,0.3,0.4,300000,300000,400000,-0.034525649845100745,0.4254411688499936,-0.08120528622570847
2021-12-11,0.06,2.2422043562952965e-05,0.3,0.3,0.4,300000,300000,400000,-0.020623022525187648,0.42526815644853094,-0.04854688566659532
2021-12-12,0.06,2.2422043562952965e-05,0.3,0.3,0.4,300000,300000,400000,0.024678591268738347,0.4249962047033099,0.05801503390456835
2021-12-13,0.06,2.2422043562952965e-05,0.3,0.3,0.4,300000,300000,400000,0.009056081725961018,0.42483836282496046,0.021263756931762922
2021-12-14,0.06,2.2422043562952965e-05,0.3,0.3,0.4,300000,300000,400000,-0.04570066224347328,0.4274128598336621,-0.1069763888359149
2021-12-15,0.06,2.2422043562952965e-05,0.3,0.3,0.4,300000,300000,400000,0.016991391335441294,0.42770235840763476,0.039674715274086815
2021-12-16,0.06,2.2422043562952965e-05,0.3,0.3,0.4,300000,300000,400000,0.015521706196218111,0.42694594651275214,0.03630268486971622
2021-12-17,0.06,2.2422043562952965e-05,0.3,0.3,0.4,300000,300000,400000,-0.010906199386441849,0.42650249731568635,-0.025623815801284075
2021-12-18,0.06,2.2422043562952965e-05,0.3,0.3,0.4,300000,300000,400000,-0.014988648884510446,0.42680408745772724,-0.03517086965471053
2021-12-19,0.06,2.2422043562952965e-05,0.3,0.3,0.4,300000,300000,400000,0.01031205399334838,0.4264835914269222,0.024126677219535073
2021-12-20,0.06,2.2422043562952965e-05,0.3,0.3,0.4,300000,300000,400000,-0.0038748060246661664,0.4265130608180397,-0.009137417880602176
2021-12-21,0.06,2.2422043562952965e-05,0.3,0.3,0.4,300000,300000,400000,0.003648036462225934,0.4265126193363887,0.008500602923083677
2021-12-22,0.06,2.2422043562952965e-05,0.3,0.3,0.4,300000,300000,400000,0.019458795242951844,0.4250300083305388,0.04572941396710405
2021-12-23,0.06,2.2422043562952965e-05,0.3,0.3,0.4,300000,300000,400000,-0.005634375258845159,0.4249212614704353,-0.013312577682822527
2021-12-24,0.06,2.2422043562952965e-05,0.3,0.3,0.4,300000,300000,400000,0.022292620376174632,0.4253078563657543,0.05236253692304206
2021-12-25,0.06,2.2422043562952965e-05,0.3,0.3,0.4,300000,300000,400000,-0.004321164065096894,0.4248825683157593,-0.010223027331711643
2021-12-26,0.06,2.2422043562952965e-05,0.3,0.3,0.4,300000,300000,400000,0.0027837233888384216,0.4245488987383613,0.006504083165640687
2021-12-27,0.06,2.2422043562952965e-05,0.3,0.3,0.4,300000,300000,400000,-0.0014634904439905004,0.4232070503172967,-0.003511076874639494
2021-12-28,0.06,2.2422043562952965e-05,0.3,0.3,0.4,300000,300000,400000,-0.0026629764482977267,0.42296937421130265,-0.006348919462237794
2021-12-29,0.06,2.2422043562952965e-05,0.3,0.3,0.4,300000,300000,400000,-0.03563393817392576,0.4239217731475954,-0.08411070739005039
2021-12-30,0.06,2.2422043562952965e-05,0.3,0.3,0.4,300000,300000,400000,-0.02048832264380309,0.42442941207346646,-0.048325455550228796
2021-12-31,0.06,2.2422043562952965e-05,0.3,0.3,0.4,300000,300000,400000,0.010233547904417838,0.4244759724858276,0.024055839488525618
2022-01-01,0.15,2.2415342976644936e-05,0.3,0.3,0.4,300000,300000,400000,-0.00784072291707838,0.4243642812076098,-0.018529217957927467
2022-01-02,0.15,2.2415342976644936e-05,0.3,0.3,0.4,300000,300000,400000,0.017343602446970374,0.4238371067007745,0.04086755696976373
2022-01-03,0.15,2.2415342976644936e-05,0.3,0.3,0.4,300000,300000,400000,0.001689319240506126,0.4238114620556069,0.0039331260401606885
2022-01-04,0.15,2.2415342976644936e-05,0.3,0.3,0.4,300000,300000,400000,-0.010572408443009142,0.4198642272548122,-0.02523392825165806
2022-01-05,0.15,2.2415342976644936e-05,0.3,0.3,0.4,300000,300000,400000,-0.0017852796430334772,0.4194721071382558,-0.0043094521786982976
2022-01-06,0.15,2.2415342976644936e-05,0.3,0.3,0.4,300000,300000,400000,-0.033766526097029334,0.4207862639438552,-0.08029953526361873
2022-01-07,0.15,2.2415342976644936e-05,0.3,0.3,0.4,300000,300000,400000,-0.014766068311760172,0.4210227627550157,-0.03512514040325635
2022-01-08,0.15,2.2415342976644936e-05,0.3,0.3,0.4,300000,300000,400000,-0.03059747813928135,0.4214216627803695,-0.07265856548579001
2022-01-09,0.15,2.2415342976644936e-05,0.3,0.3,0.4,300000,300000,400000,-0.007773697691261937,0.42112779439206594,-0.01851246376528754
2022-01-10,0.15,2.2415342976644936e-05,0.3,0.3,0.4,300000,300000,400000,0.006178768058048956,0.42112792759922846,0.014618723460513593
2022-01-11,0.15,2.2415342976644936e-05,0.3,0.3,0.4,300000,300000,400000,-0.006611895132649459,0.4179071944001569,-0.01587508079431047
2022-01-12,0.15,2.2415342976644936e-05,0.3,0.3,0.4,300000,300000,400000,0.022029996080033573,0.41684800533705085,0.05279521661441622
2022-01-13,0.15,2.2415342976644936e-05,0.3,0.3,0.4,300000,300000,400000,0.020620547881003582,0.4145956289220262,0.04968246431247558
2022-01-14,0.15,2.2415342976644936e-05,0.3,0.3,0.4,300000,300000,400000,-0.020129934426965156,0.4150289554633201,-0.04855649107047147
2022-01-15,0.15,2.2415342976644936e-05,0.3,0.3,0.4,300000,300000,400000,0.008704333016369569,0.41509458006258465,0.02091551682530746
2022-01-16,0.15,2.2415342976644936e-05,0.3,0.3,0.4,300000,300000,400000,0.0024896337400655,0.4128363398213186,0.0059762626472192396
2022-01-17,0.15,2.2415342976644936e-05,0.3,0.3,0.4,300000,300000,400000,0.0015231564403488495,0.41283645939403796,0.003635195155909909
2022-01-18,0.15,2.2415342976644936e-05,0.3,0.3,0.4,300000,300000,400000,-0.018193367892696998,0.41315625084482005,-0.04408933230085734
2022-01-19,0.15,2.2415342976644936e-05,0.3,0.3,0.4,300000,300000,400000,-0.003978518749360593,0.41264808846954165,-0.009695753364994819
2022-01-20,0.15,2.2415342976644936e-05,0.3,0.3,0.4,300000,300000,400000,-0.011139875226710583,0.40891749841263647,-0.027297170243429935
2022-01-21,0.15,2.2415342976644936e-05,0.3,0.3,0.4,300000,300000,400000,-0.015365760094911196,0.40902727095211405,-0.037621392339117106
2022-01-22,0.15,2.2415342976644936e-05,0.3,0.3,0.4,300000,300000,400000,-0.07582646451654362,0.4151423401442276,-0.1827057192797272
2022-01-23,0.15,2.2415342976644936e-05,0.3,0.3,0.4,300000,300000,400000,-0.029269703268462576,0.4131284964102456,-0.0709031666078815
2022-01-24,0.15,2.2415342976644936e-05,0.3,0.3,0.4,300000,300000,400000,0.025868054628764004,0.4139075694473371,0.062443021567103255
2022-01-25,0.15,2.2415342976644936e-05,0.3,0.3,0.4,300000,300000,400000,-0.006766871114894057,0.4115886976936466,-0.016495318010224125
2022-01-26,0.15,2.2415342976644936e-05,0.3,0.3,0.4,300000,300000,400000,0.003893275358389703,0.4115719860800776,0.009405061924355375
2022-01-27,0.15,2.2415342976644936e-05,0.3,0.3,0.4,300000,300000,400000,-0.00031787317145236526,0.39373598339674715,-0.0008642555640796469
2022-01-28,0.15,2.2415342976644936e-05,0.3,0.3,0.4,300000,300000,400000,-0.0037964324745017428,0.389497006403281,-0.009804562691617696
2022-01-29,0.15,2.2415342976644936e-05,0.3,0.3,0.4,300000,300000,400000,0.021962738921309555,0.3850775456221999,0.05697637742777812
2022-01-30,0.15,2.2415342976644936e-05,0.3,0.3,0.4,300000,300000,400000,0.009190411174128221,0.38494517232094794,0.023816367863181725
2022-01-31,0.15,2.2415342976644936e-05,0.3,0.3,0.4,300000,300000,400000,-0.0011870882122493318,0.38225752527117285,-0.003164106591146785
2022-02-01,0.33,2.2401941755179067e-05,0.3,0.3,0.4,300000,300000,400000,0.013614023854797952,0.36791119873190853,0.03694266975261818
2022-02-02,0.33,2.2401941755179067e-05,0.3,0.3,0.4,300000,300000,400000,0.014260856063308224,0.36815984083425307,0.03867465307809944
2022-02-03,0.33,2.2401941755179067e-05,0.3,0.3,0.4,300000,300000,400000,-0.02565106470794106,0.3678823175941972,-0.06978717220656436
2022-02-04,0.33,2.2401941755179067e-05,0.3,0.3,0.4,300000,300000,400000,-0.0017490347113792493,0.36730273099706756,-0.004822824617518488
2022-02-05,0.33,2.2401941755179067e-05,0.3,0.3,0.4,300000,300000,400000,0.07363110552890698,0.3700769006136081,0.19890110262246705
2022-02-06,0.33,2.2401941755179067e-05,0.3,0.3,0.4,300000,300000,400000,0.0012753995192561595,0.3691631920275662,0.003394156309623134
2022-02-07,0.33,2.2401941755179067e-05,0.3,0.3,0.4,300000,300000,400000,0.011493714778219321,0.3687502347250771,0.031108625178277147
2022-02-08,0.33,2.2401941755179067e-05,0.3,0.3,0.4,300000,300000,400000,0.018682979923977605,0.36550208688237595,0.05105464141502338
2022-02-09,0.33,2.2401941755179067e-05,0.3,0.3,0.4,300000,300000,400000,-0.00026669875285696405,0.3652115666688472,-0.0007915978599721705
2022-02-10,0.33,2.2401941755179067e-05,0.3,0.3,0.4,300000,300000,400000,0.012248975036090393,0.3649932175216163,0.03349808299824396
2022-02-11,0.33,2.2401941755179067e-05,0.3,0.3,0.4,300000,300000,400000,-0.019818223466401927,0.3646158775563665,-0.05441514379770781
2022-02-12,0.33,2.2401941755179067e-05,0.3,0.3,0.4,300000,300000,400000,-0.022856560953004645,0.363706915756907,-0.06290494324845772
2022-02-13,0.33,2.2401941755179067e-05,0.3,0.3,0.4,300000,300000,400000,-0.002615885088089209,0.36317879968034916,-0.007264430170941887
2022-02-14,0.33,2.2401941755179067e-05,0.3,0.3,0.4,300000,300000,400000,-0.003005997142080352,0.36301398224601644,-0.008342375864142802
2022-02-15,0.33,2.2401941755179067e-05,0.3,0.3,0.4,300000,300000,400000,0.007574071871006094,0.3613513033192576,0.02089841619466621
2022-02-16,0.33,2.2401941755179067e-05,0.3,0.3,0.4,300000,300000,400000,0.03855767645716137,0.36325144511152646,0.10608429789886999
2022-02-17,0.33,2.2401941755179067e-05,0.3,0.3,0.4,300000,300000,400000,-0.00821074193619722,0.36046752987994896,-0.022840181695961314
2022-02-18,0.33,2.2401941755179067e-05,0.3,0.3,0.4,300000,300000,400000,-0.047509470856208526,0.3630769814418257,-0.13091403539053476
2022-02-19,0.33,2.2401941755179067e-05,0.3,0.3,0.4,300000,300000,400000,-0.012909114116516253,0.36309105851460066,-0.03561507714118338
2022-02-20,0.33,2.2401941755179067e-05,0.3,0.3,0.4,300000,300000,400000,-0.001604969793079203,0.3629356084291666,-0.004483913115822012
2022-02-21,0.33,2.2401941755179067e-05,0.3,0.3,0.4,300000,300000,400000,-0.027308029959975087,0.3610866039841301,-0.07568940968779736
2022-02-22,0.33,2.2401941755179067e-05,0.3,0.3,0.4,300000,300000,400000,-0.01792421814516133,0.3610441900063799,-0.04970754434962485
2022-02-23,0.33,2.2401941755179067e-05,0.3,0.3,0.4,300000,300000,400000,0.018463037610122957,0.361458440958934,0.0510173053904774
2022-02-24,0.33,2.2401941755179067e-05,0.3,0.3,0.4,300000,300000,400000,-0.013152552411210784,0.35963743786859054,-0.03663399014031463
2022-02-25,0.33,2.2401941755179067e-05,0.3,0.3,0.4,300000,300000,400000,0.008569471772772985,0.35972651056711047,0.02375991087658041
2022-02-26,0.33,2.2401941755179067e-05,0.3,0.3,0.4,300000,300000,400000,0.027301645005724583,0.35873097538973386,0.07604373454043824
2022-02-27,0.33,2.2401941755179067e-05,0.3,0.3,0.4,300000,300000,400000,-0.0002596979095791041,0.35856992233815455,-0.0007867359579263451
2022-02-28,0.33,2.2401941755179067e-05,0.3,0.3,0.4,300000,300000,400000,-0.02665195319876683,0.35944531375431543,-0.0742097730025052
2022-03-01,0.44,2.239375208756833e-05,0.3,0.3,0.4,300000,300000,400000,0.07610002819472705,0.3579152760511531,0.21255766247810698
2022-03-02,0.44,2.239375208756833e-05,0.3,0.3,0.4,300000,300000,400000,0.014533061628722699,0.35815094421847504,0.04051550920324672
2022-03-03,0.44,2.239375208756833e-05,0.3,0.3,0.4,300000,300000,400000,-0.005636723808110244,0.3573406318682749,-0.015836759258555044
2022-03-04,0.44,2.239375208756833e-05,0.3,0.3,0.4,300000,300000,400000,-0.021970876964247377,0.35794389038409224,-0.06144334714788687
2022-03-05,0.44,2.239375208756833e-05,0.3,0.3,0.4,300000,300000,400000,-0.04623652298139264,0.3578092282276394,-0.12928374419692198
2022-03-06,0.44,2.239375208756833e-05,0.3,0.3,0.4,300000,300000,400000,0.007672661045928386,0.35785547915799093,0.021378091825899562
2022-03-07,0.44,2.239375208756833e-05,0.3,0.3,0.4,300000,300000,400000,-0.02015074180557216,0.35509661131817594,-0.05681027335849192
2022-03-08,0.44,2.239375208756833e-05,0.3,0.3,0.4,300000,300000,400000,-0.009851802633720319,0.35489690480131847,-0.027822717674406732
2022-03-09,0.44,2.239375208756833e-05,0.3,0.3,0.4,300000,300000,400000,0.014542209005189453,0.3543993147269753,0.040970212553282634
2022-03-10,0.44,2.239375208756833e-05,0.3,0.3,0.4,300000,300000,400000,0.0431835387426264,0.356847634987294,0.12095118688982102
2022-03-11,0.44,2.239375208756833e-05,0.3,0.3,0.4,300000,300000,400000,-0.031115343839483767,0.35662585064588215,-0.08731205978248081
2022-03-12,0.44,2.239375208756833e-05,0.3,0.3,0.4,300000,300000,400000,-0.010846707845615512,0.356755746013116,-0.030466507461111732
2022-03-13,0.44,2.239375208756833e-05,0.3,0.3,0.4,300000,300000,400000,0.0029494698575037283,0.35640570399448684,0.00821276447770162
2022-03-14,0.44,2.239375208756833e-05,0.3,0.3,0.4,300000,300000,400000,-0.015187446503255254,0.35627592159366506,-0.04269118212453813
2022-03-15,0.44,2.239375208756833e-05,0.3,0.3,0.4,300000,300000,400000,0.023110315904825506,0.3559121959930588,0.06486971340872008
2022-03-16,0.44,2.239375208756833e-05,0.3,0.3,0.4,300000,300000,400000,0.0007924768327383089,0.3555883775049163,0.0021656587486189524
2022-03-17,0.44,2.239375208756833e-05,0.3,0.3,0.4,300000,300000,400000,0.03132897631339408,0.35688377536025534,0.0877220673024549
2022-03-18,0.44,2.239375208756833e-05,0.3,0.3,0.4,300000,300000,400000,0.0037543265849953157,0.35521602152816456,0.010506093775986531
2022-03-19,0.44,2.239375208756833e-05,0.3,0.3,0.4,300000,300000,400000,0.01978990743578548,0.355485248585724,0.05560712789726645
2022-03-20,0.44,2.239375208756833e-05,0.3,0.3,0.4,300000,300000,400000,0.0027735899634074635,0.355396296593171,0.007741206753398566
2022-03-21,0.44,2.239375208756833e-05,0.3,0.3,0.4,300000,300000,400000,-0.015335109077031861,0.35570329672548634,-0.043175036527624784
2022-03-22,0.44,2.239375208756833e-05,0.3,0.3,0.4,300000,300000,400000,0.0021693650643685777,0.3548675896154681,0.0060500631083482475
2022-03-23,0.44,2.239375208756833e-05,0.3,0.3,0.4,300000,300000,400000,0.01738079184628718,0.35462057858322044,0.048949212602240555
2022-03-24,0.44,2.239375208756833e-05,0.3,0.3,0.4,300000,300000,400000,0.008805958914561039,0.35459102047869234,0.024770974602277843
2022-03-25,0.44,2.239375208756833e-05,0.3,0.3,0.4,300000,300000,400000,0.015664833984160787,0.3540023284692648,0.044187393624534665
2022-03-26,0.44,2.239375208756833e-05,0.3,0.3,0.4,300000,300000,400000,0.0026542227025150855,0.35385508668570465,0.007437589706786148
2022-03-27,0.44,2.239375208756833e-05,0.3,0.3,0.4,300000,300000,400000,0.00458223808111855,0.35384073348372497,0.012886713986084118
2022-03-28,0.44,2.239375208756833e-05,0.3,0.3,0.4,300000,300000,400000,0.02864813788600473,0.354874430121672,0.08066443142748424
2022-03-29,0.44,2.239375208756833e-05,0.3,0.3,0.4,300000,300000,400000,0.005801789327187467,0.35410761311720534,0.01632101474527459
2022-03-30,0.44,2.239375208756833e-05,0.3,0.3,0.4,300000,300000,400000,0.00948454238544336,0.35383405775760884,0.026741768990021193
2022-03-31,0.44,2.239375208756833e-05,0.3,0.3,0.4,300000,300000,400000,-0.004027958217535266,0.34917503189294086,-0.01159977546981279
2022-04-01,0.76,2.2369927461296513e-05,0.3,0.3,0.4,300000,300000,400000,-0.018684351574170987,0.34975078077671184,-0.0534858605893293
2022-04-02,0.76,2.2369927461296513e-05,0.3,0.3,0.4,300000,300000,400000,0.02023748510373062,0.34959353076919103,0.057824626021514586
2022-04-03,0.76,2.2369927461296513e-05,0.3,0.3,0.4,300000,300000,400000,-0.0037104266226043125,0.34931399573280003,-0.010686077843044482
2022-04-04,0.76,2.2369927461296513e-05,0.3,0.3,0.4,300000,300000,400000,0.010970780463269825,0.34919986440399065,0.03135284876039433
2022-04-05,0.76,2.2369927461296513e-05,0.3,0.3,0.4,300000,300000,400000,0.0011714170504516395,0.348785174780624,0.0032944265011064797
2022-04-06,0.76,2.2369927461296513e-05,0.3,0.3,0.4,300000,300000,400000,-0.014692954006869272,0.34847258924922914,-0.042228067252102014
2022-04-07,0.76,2.2369927461296513e-05,0.3,0.3,0.4,300000,300000,400000,-0.038060300897474385,0.3505899276571606,-0.10862454343576138
2022-04-08,0.76,2.2369927461296513e-05,0.3,0.3,0.4,300000,300000,400000,0.008020315833860337,0.35052974075138515,0.022816739855667827
2022-04-09,0.76,2.2369927461296513e-05,0.3,0.3,0.4,300000,300000,400000,-0.012047245204033273,0.3499556790836749,-0.03448898204223372
2022-04-10,0.76,2.2369927461296513e-05,0.3,0.3,0.4,300000,300000,400000,0.010363469041902685,0.35000495117847397,0.029545579511440316
2022-04-11,0.76,2.2369927461296513e-05,0.3,0.3,0.4,300000,300000,400000,-0.007943608617585418,0.3498947495914151,-0.02276678502420765
2022-04-12,0.76,2.2369927461296513e-05,0.3,0.3,0.4,300000,300000,400000,-0.04004917651470894,0.3522679835869198,-0.11375301846664373
2022-04-13,0.76,2.2369927461296513e-05,0.3,0.3,0.4,300000,300000,400000,0.009128750546407894,0.35190762278223564,0.025877190573338982
2022-04-14,0.76,2.2369927461296513e-05,0.3,0.3,0.4,300000,300000,400000,0.015681198447252995,0.35054535817416554,0.04466990691690101
2022-04-15,0.76,2.2369927461296513e-05,0.3,0.3,0.4,300000,300000,400000,-0.01847780994367252,0.35058953682832494,-0.052768773530719765
2022-04-16,0.76,2.2369927461296513e-05,0.3,0.3,0.4,300000,300000,400000,0.0069013102677144555,0.3500051166037054,0.019653827941155114
2022-04-17,0.76,2.2369927461296513e-05,0.3,0.3,0.4,300000,300000,400000,0.0010638517523602674,0.3477224297709827,0.0029951528452878714
2022-04-18,0.76,2.2369927461296513e-05,0.3,0.3,0.4,300000,300000,400000,-0.012177100725184709,0.3473965900182691,-0.03511684053088849
2022-04-19,0.76,2.2369927461296513e-05,0.3,0.3,0.4,300000,300000,400000,0.014897543568762694,0.3461976662308343,0.04296728456679738
2022-04-20,0.76,2.2369927461296513e-05,0.3,0.3,0.4,300000,300000,400000,0.009084864483979981,0.34625684973979853,0.026172751711132567
2022-04-21,0.76,2.2369927461296513e-05,0.3,0.3,0.4,300000,300000,400000,-0.003137354814498328,0.34627030129577163,-0.009125023804050413
2022-04-22,0.76,2.2369927461296513e-05,0.3,0.3,0.4,300000,300000,400000,-0.015266505095755055,0.34609304273750596,-0.044175620816544955
2022-04-23,0.76,2.2369927461296513e-05,0.3,0.3,0.4,300000,300000,400000,-0.007752170937679813,0.3427443371735685,-0.02268320734123178
2022-04-24,0.76,2.2369927461296513e-05,0.3,0.3,0.4,300000,300000,400000,-0.004132029811226156,0.3426527609962187,-0.01212422665618999
2022-04-25,0.76,2.2369927461296513e-05,0.3,0.3,0.4,300000,300000,400000,-0.0025087180383740137,0.34264665119307103,-0.007386874954190399
2022-04-26,0.76,2.2369927461296513e-05,0.3,0.3,0.4,300000,300000,400000,0.016529352179531595,0.34241638450755135,0.04820733761268444
2022-04-27,0.76,2.2369927461296513e-05,0.3,0.3,0.4,300000,300000,400000,-0.03754067699699957,0.34366589851252993,-0.10930105979977332
2022-04-28,0.76,2.2369927461296513e-05,0.3,0.3,0.4,300000,300000,400000,0.017546702722947092,0.3440521838309629,0.05093510118248724
2022-04-29,0.76,2.2369927461296513e-05,0.3,0.3,0.4,300000,300000,400000,0.008311023509638549,0.3434431126240626,0.02413399272691231
2022-04-30,0.76,2.2369927461296513e-05,0.3,0.3,0.4,300000,300000,400000,-0.019989680563824865,0.34286057356523875,-0.058367896556873466
2022-05-01,0.98,2.2353547910913818e-05,0.3,0.3,0.4,300000,300000,400000,-0.01487828329202726,0.3431225234439905,-0.04342657745220994
2022-05-02,0.98,2.2353547910913818e-05,0.3,0.3,0.4,300000,300000,400000,0.016032629495643012,0.3434793481645635,0.046612048244779644
2022-05-03,0.98,2.2353547910913818e-05,0.3,0.3,0.4,300000,300000,400000,0.00325164810872729,0.34338218650778163,0.00940437415714107
2022-05-04,0.98,2.2353547910913818e-05,0.3,0.3,0.4,300000,300000,400000,-0.01413619825200967,0.342938043372472,-0.041286034237218446
2022-05-05,0.98,2.2353547910913818e-05,0.3,0.3,0.4,300000,300000,400000,0.032225423113466836,0.34425240599069007,0.09354493681135469
2022-05-06,0.98,2.2353547910913818e-05,0.3,0.3,0.4,300000,300000,400000,-0.042499628972100356,0.34624404033956724,-0.12280928352819953
2022-05-07,0.98,2.2353547910913818e-05,0.3,0.3,0.4,300000,300000,400000,-0.009961393746247993,0.34542238611338383,-0.028903011777823145
2022-05-08,0.98,2.2353547910913818e-05,0.3,0.3,0.4,300000,300000,400000,-0.011000449872844643,0.3455817752911646,-0.0318963678320955
2022-05-09,0.98,2.2353547910913818e-05,0.3,0.3,0.4,300000,300000,400000,-0.026682383961010636,0.3465943893748503,-0.07704896076675875
2022-05-10,0.98,2.2353547910913818e-05,0.3,0.3,0.4,300000,300000,400000,-0.06538264761651047,0.35249808057363424,-0.18554711293175044
2022-05-11,0.98,2.2353547910913818e-05,0.3,0.3,0.4,300000,300000,400000,0.020169806774815276,0.3524700795529131,0.05716074752347826
2022-05-12,0.98,2.2353547910913818e-05,0.3,0.3,0.4,300000,300000,400000,-0.05418850614950482,0.3541874877073789,-0.15305695875457756
2022-05-13,0.98,2.2353547910913818e-05,0.3,0.3,0.4,300000,300000,400000,-0.014250426442279364,0.35441311669017533,-0.04027159074551806
2022-05-14,0.98,2.2353547910913818e-05,0.3,0.3,0.4,300000,300000,400000,0.008548214859717417,0.3541833949743655,0.024071883190412056
2022-05-15,0.98,2.2353547910913818e-05,0.3,0.3,0.4,300000,300000,400000,0.017062723713203918,0.35463811923616306,0.0480500240695935
2022-05-16,0.98,2.2353547910913818e-05,0.3,0.3,0.4,300000,300000,400000,0.02327400967107995,0.3551345430620948,0.06547280904494698
2022-05-17,0.98,2.2353547910913818e-05,0.3,0.3,0.4,300000,300000,400000,-0.03028926816406612,0.3562916138648421,-0.08507531620846859
2022-05-18,0.98,2.2353547910913818e-05,0.3,0.3,0.4,300000,300000,400000,0.016070284964832513,0.34971044079455715,0.04588919730408966
2022-05-19,0.98,2.2353547910913818e-05,0.3,0.3,0.4,300000,300000,400000,-0.04277986527366051,0.3522378453751169,-0.12151510515853019
2022-05-20,0.98,2.2353547910913818e-05,0.3,0.3,0.4,300000,300000,400000,0.03382074822105614,0.35393364490132867,0.09549359084685975
2022-05-21,0.98,2.2353547910913818e-05,0.3,0.3,0.4,300000,300000,400000,-0.01997811280706525,0.35317393969248395,-0.05663064033657465
2022-05-22,0.98,2.2353547910913818e-05,0.3,0.3,0.4,300000,300000,400000,0.004577865926931191,0.3531043686753642,0.01290131978856514
2022-05-23,0.98,2.2353547910913818e-05,0.3,0.3,0.4,300000,300000,400000,0.019140958897100966,0.35303223290501284,0.05415541009348605
2022-05-24,0.98,2.2353547910913818e-05,0.3,0.3,0.4,300000,300000,400000,-0.022295891731776873,0.35331404962278185,-0.06316829263799731
2022-05-25,0.98,2.2353547910913818e-05,0.3,0.3,0.4,300000,300000,400000,0.0058570858764433135,0.3524676729538045,0.016553950266233686
2022-05-26,0.98,2.2353547910913818e-05,0.3,0.3,0.4,300000,300000,400000,-0.005992662463738263,0.3517869202224826,-0.017098464058427944
2022-05-27,0.98,2.2353547910913818e-05,0.3,0.3,0.4,300000,300000,400000,-0.023519435315148805,0.3525042201057564,-0.06678441709434525
2022-05-28,0.98,2.2353547910913818e-05,0.3,0.3,0.4,300000,300000,400000,-0.02093610115675132,0.3526784056812536,-0.0594265324075561
2022-05-29,0.98,2.2353547910913818e-05,0.3,0.3,0.4,300000,300000,400000,0.01747243368718274,0.35304797950529293,0.04942693671189871
2022-05-30,0.98,2.2353547910913818e-05,0.3,0.3,0.4,300000,300000,400000,0.006895012808169687,0.3529042208817337,0.019474573704693545
2022-05-31,0.98,2.2353547910913818e-05,0.3,0.3,0.4,300000,300000,400000,0.052790137767409484,0.351883920992205,0.14995792950899706
2022-06-01,1.49,2.231557675935747e-05,0.3,0.3,0.4,300000,300000,400000,-0.006605934650651757,0.34953854268262685,-0.018962859364637843
2022-06-02,1.49,2.231557675935747e-05,0.3,0.3,0.4,300000,300000,400000,-0.03689906347927827,0.3462091109384017,-0.10664473547782158
2022-06-03,1.49,2.231557675935747e-05,0.3,0.3,0.4,300000,300000,400000,0.007209194014472775,0.3457987669924782,0.020783412561646716
2022-06-04,1.49,2.231557675935747e-05,0.3,0.3,0.4,300000,300000,400000,-0.016721605830038375,0.34429808388100597,-0.04863204935112173
2022-06-05,1.49,2.231557675935747e-05,0.3,0.3,0.4,300000,300000,400000,0.006212179716043198,0.3443524565659297,0.017975373839386938
2022-06-06,1.49,2.231557675935747e-05,0.3,0.3,0.4,300000,300000,400000,0.000642770159649153,0.3439895498750697,0.0018037018366259458
2022-06-07,1.49,2.231557675935747e-05,0.3,0.3,0.4,300000,300000,400000,0.02371177787809622,0.34431729279400425,0.06880125627471644
2022-06-08,1.49,2.231557675935747e-05,0.3,0.3,0.4,300000,300000,400000,-0.007755609809344877,0.3436433172142875,-0.022633716404425557
2022-06-09,1.49,2.231557675935747e-05,0.3,0.3,0.4,300000,300000,400000,-0.013868471993759245,0.34373716196477067,-0.040411073074322575
2022-06-10,1.49,2.231557675935747e-05,0.3,0.3,0.4,300000,300000,400000,-0.002285184049811384,0.3420932275489651,-0.006745236212665042
2022-06-11,1.49,2.231557675935747e-05,0.3,0.3,0.4,300000,300000,400000,-0.030853130008382655,0.3382127297545198,-0.09129001622012248
2022-06-12,1.49,2.231557675935747e-05,0.3,0.3,0.4,300000,300000,400000,-0.03161305400953473,0.33952953999484065,-0.09317413025910737
2022-06-13,1.49,2.231557675935747e-05,0.3,0.3,0.4,300000,300000,400000,-0.03175508226023617,0.3408274594511111,-0.09323602590052969
2022-06-14,1.49,2.231557675935747e-05,0.3,0.3,0.4,300000,300000,400000,-0.09889874432903767,0.3544977890555863,-0.27904563289190476
2022-06-15,1.49,2.231557675935747e-05,0.3,0.3,0.4,300000,300000,400000,-0.0014253928023239212,0.3533908976997601,-0.004096620452044715
2022-06-16,1.49,2.231557675935747e-05,0.3,0.3,0.4,300000,300000,400000,0.007670840403870804,0.3522623489087049,0.021712581122581735
2022-06-17,1.49,2.231557675935747e-05,0.3,0.3,0.4,300000,300000,400000,-0.06767002699538079,0.3583037761690419,-0.18892444644569972
2022-06-18,1.49,2.231557675935747e-05,0.3,0.3,0.4,300000,300000,400000,0.006348146647743923,0.35840384452176766,0.017650008970817182
2022-06-19,1.49,2.231557675935747e-05,0.3,0.3,0.4,300000,300000,400000,-0.04640828429625212,0.3609659495075499,-0.12862875275730223
2022-06-20,1.49,2.231557675935747e-05,0.3,0.3,0.4,300000,300000,400000,0.06248303595968352,0.36649106195506287,0.17042904143343815
2022-06-21,1.49,2.231557675935747e-05,0.3,0.3,0.4,300000,300000,400000,0.003447647080528249,0.36552677682451495,0.009370945498237335
2022-06-22,1.49,2.231557675935747e-05,0.3,0.3,0.4,300000,300000,400000,-0.0010439785683883042,0.3654459376726918,-0.0029177890221964323
2022-06-23,1.49,2.231557675935747e-05,0.3,0.3,0.4,300000,300000,400000,-0.029991357416935725,0.36608948246177986,-0.08198452682078498
2022-06-24,1.49,2.231557675935747e-05,0.3,0.3,0.4,300000,300000,400000,0.04343361475491036,0.3685037474718296,0.11780422716452725
2022-06-25,1.49,2.231557675935747e-05,0.3,0.3,0.4,300000,300000,400000,0.02455304895276458,0.36807037286735805,0.06664685664565942
2022-06-26,1.49,2.231557675935747e-05,0.3,0.3,0.4,300000,300000,400000,0.007378245907743297,0.36817752737311316,0.019979302874532586
2022-06-27,1.49,2.231557675935747e-05,0.3,0.3,0.4,300000,300000,400000,-0.01696324580558608,0.36845379534966904,-0.04609956959793519
2022-06-28,1.49,2.231557675935747e-05,0.3,0.3,0.4,300000,300000,400000,-0.006036474291580795,0.3684563660325235,-0.016443710644981353
2022-06-29,1.49,2.231557675935747e-05,0.3,0.3,0.4,300000,300000,400000,-0.019504405845898572,0.36801683311357747,-0.05305931594882125
2022-06-30,1.49,2.231557675935747e-05,0.3,0.3,0.4,300000,300000,400000,-0.014272833481298796,0.3667673456655907,-0.0389760681450963
2022-07-01,2.23,2.226048042985873e-05,0.3,0.3,0.4,300000,300000,400000,-0.018720484175954046,0.36651889718609,-0.05113718501359504
2022-07-02,2.23,2.226048042985873e-05,0.3,0.3,0.4,300000,300000,400000,0.00010808784493668817,0.3663629927731525,0.00023426865212877192
2022-07-03,2.23,2.226048042985873e-05,0.3,0.3,0.4,300000,300000,400000,-0.002221175348647575,0.3658501840963194,-0.0061321161683132895
2022-07-04,2.23,2.226048042985873e-05,0.3,0.3,0.4,300000,300000,400000,0.002365944390617303,0.3658409479673839,0.006406291923331644
2022-07-05,2.23,2.226048042985873e-05,0.3,0.3,0.4,300000,300000,400000,0.03670014054335832,0.3672494892854435,0.0998718340882993
2022-07-06,2.23,2.226048042985873e-05,0.3,0.3,0.4,300000,300000,400000,-0.006029893416632347,0.36693638286527525,-0.016493741639362923
2022-07-07,2.23,2.226048042985873e-05,0.3,0.3,0.4,300000,300000,400000,0.0200974616368061,0.36692815094515274,0.05471153168451504
2022-07-08,2.23,2.226048042985873e-05,0.3,0.3,0.4,300000,300000,400000,0.02900109504667816,0.3661511544459815,0.07914445773111324
2022-07-09,2.23,2.226048042985873e-05,0.3,0.3,0.4,300000,300000,400000,0.0010942120199251778,0.3656623260651377,0.002931533994848476
2022-07-10,2.23,2.226048042985873e-05,0.3,0.3,0.4,300000,300000,400000,-0.007738632119522203,0.3656446979048897,-0.02122522942195322
2022-07-11,2.23,2.226048042985873e-05,0.3,0.3,0.4,300000,300000,400000,-0.021925921434311914,0.36616873259291566,-0.0599400766944851
2022-07-12,2.23,2.226048042985873e-05,0.3,0.3,0.4,300000,300000,400000,-0.030743789505489626,0.36725227812317357,-0.08377361236027729
2022-07-13,2.23,2.226048042985873e-05,0.3,0.3,0.4,300000,300000,400000,-0.025194331279589886,0.36659937543437177,-0.06878514653807422
2022-07-14,2.23,2.226048042985873e-05,0.3,0.3,0.4,300000,300000,400000,0.03435550837317942,0.3684555492310627,0.09318151935667764
2022-07-15,2.23,2.226048042985873e-05,0.3,0.3,0.4,300000,300000,400000,0.02627691062397692,0.3694808596434413,0.07105821440624417
2022-07-16,2.23,2.226048042985873e-05,0.3,0.3,0.4,300000,300000,400000,0.014038349296550344,0.3698338586382115,0.03789833864246504
2022-07-17,2.23,2.226048042985873e-05,0.3,0.3,0.4,300000,300000,400000,0.0351557991529847,0.3716730216679956,0.0945280841608638
2022-07-18,2.23,2.226048042985873e-05,0.3,0.3,0.4,300000,300000,400000,-0.007496522642315916,0.37135991177866734,-0.020246620284709173
2022-07-19,2.23,2.226048042985873e-05,0.3,0.3,0.4,300000,300000,400000,0.07304681343545061,0.3772516689401368,0.19356986056596734
2022-07-20,2.23,2.226048042985873e-05,0.3,0.3,0.4,300000,300000,400000,0.007669685230295543,0.3773513261643645,0.020266060351765303
2022-07-21,2.23,2.226048042985873e-05,0.3,0.3,0.4,300000,300000,400000,-0.003638470663440152,0.37710788700753795,-0.00970738419956949
2022-07-22,2.23,2.226048042985873e-05,0.3,0.3,0.4,300000,300000,400000,0.007679477692376792,0.377154579921064,0.020302596387798178
2022-07-23,2.23,2.226048042985873e-05,0.3,0.3,0.4,300000,300000,400000,-0.013672382808600036,0.37731732646383037,-0.036294763925564556
2022-07-24,2.23,2.226048042985873e-05,0.3,0.3,0.4,300000,300000,400000,0.000685565550175371,0.3773223126765018,0.0017579269697580767
2022-07-25,2.23,2.226048042985873e-05,0.3,0.3,0.4,300000,300000,400000,0.01085497166338507,0.37749906332953614,0.028695994865287504
2022-07-26,2.23,2.226048042985873e-05,0.3,0.3,0.4,300000,300000,400000,-0.045257103569127745,0.3798313651343351,-0.11920912332646262
2022-07-27,2.23,2.226048042985873e-05,0.3,0.3,0.4,300000,300000,400000,-0.003700096362946992,0.3780685766603014,-0.009845718668974246
2022-07-28,2.23,2.226048042985873e-05,0.3,0.3,0.4,300000,300000,400000,0.06491847993373508,0.38388712467747627,0.16905026316740354
2022-07-29,2.23,2.226048042985873e-05,0.3,0.3,0.4,300000,300000,400000,0.027838231689690705,0.38315410333407324,0.07259734651727849
2022-07-30,2.23,2.226048042985873e-05,0.3,0.3,0.4,300000,300000,400000,0.003027051139447745,0.38169657146056446,0.007872197142143652
2022-07-31,2.23,2.226048042985873e-05,0.3,0.3,0.4,300000,300000,400000,-0.009722867729917704,0.3813436522113776,-0.025554714635569357
2022-08-01,2.63,2.223069817008927e-05,0.3,0.3,0.4,300000,300000,400000,-0.00607529774480473,0.3812125508728536,-0.01599508838052013
2022-08-02,2.63,2.223069817008927e-05,0.3,0.3,0.4,300000,300000,400000,-0.00878392007510238,0.38028520787273185,-0.023156700789212867
2022-08-03,2.63,2.223069817008927e-05,0.3,0.3,0.4,300000,300000,400000,-0.00315700757703109,0.3792860324329139,-0.008382165445977781
2022-08-04,2.63,2.223069817008927e-05,0.3,0.3,0.4,300000,300000,400000,-0.0056278351186453525,0.3792404181034991,-0.014898374611731055
2022-08-05,2.63,2.223069817008927e-05,0.3,0.3,0.4,300000,300000,400000,-0.004031200290068149,0.37820682315674875,-0.010717498310595744
2022-08-06,2.63,2.223069817008927e-05,0.3,0.3,0.4,300000,300000,400000,0.028258095751620083,0.3753394791893438,0.07522753831926678
2022-08-07,2.63,2.223069817008927e-05,0.3,0.3,0.4,300000,300000,400000,-0.008676051938773254,0.3753195252811234,-0.023175673129257317
2022-08-08,2.63,2.223069817008927e-05,0.3,0.3,0.4,300000,300000,400000,0.003800934848444082,0.37401832025401605,0.010102992141421498
2022-08-09,2.63,2.223069817008927e-05,0.3,0.3,0.4,300000,300000,400000,0.0216478543497328,0.3744173966246586,0.0577580631843389
2022-08-10,2.63,2.223069817008927e-05,0.3,0.3,0.4,300000,300000,400000,-0.020762661677010262,0.37476096595380104,-0.055461732313238365
2022-08-11,2.63,2.223069817008927e-05,0.3,0.3,0.4,300000,300000,400000,0.036820454070514305,0.3767401733068816,0.09767533695529054
2022-08-12,2.63,2.223069817008927e-05,0.3,0.3,0.4,300000,300000,400000,0.004630268084530043,0.37673553147537964,0.01223149132844959
2022-08-13,2.63,2.223069817008927e-05,0.3,0.3,0.4,300000,300000,400000,0.018226100350460017,0.37592484080415345,0.048424226537808514
2022-08-14,2.63,2.223069817008927e-05,0.3,0.3,0.4,300000,300000,400000,0.003816621451212887,0.3743835940103746,0.010135034797859361
2022-08-15,2.63,2.223069817008927e-05,0.3,0.3,0.4,300000,300000,400000,-0.008395574815538931,0.37434488702220764,-0.022486765027485582
2022-08-16,2.63,2.223069817008927e-05,0.3,0.3,0.4,300000,300000,400000,-0.006041612782584305,0.37387933903127707,-0.01621871777259968
2022-08-17,2.63,2.223069817008927e-05,0.3,0.3,0.4,300000,300000,400000,-0.007638712871164632,0.37393229614581275,-0.0204875151151624
2022-08-18,2.63,2.223069817008927e-05,0.3,0.3,0.4,300000,300000,400000,-0.014242112252080694,0.3740408764260264,-0.03813578635187437
2022-08-19,2.63,2.223069817008927e-05,0.3,0.3,0.4,300000,300000,400000,0.001082018660876749,0.37257229716794965,0.0028445162744586035
2022-08-20,2.63,2.223069817008927e-05,0.3,0.3,0.4,300000,300000,400000,-0.06725455636783298,0.3778788648466618,-0.178037972812539
2022-08-21,2.63,2.223069817008927e-05,0.3,0.3,0.4,300000,300000,400000,-0.0039559240539147385,0.3769709867607326,-0.010552946756642053
2022-08-22,2.63,2.223069817008927e-05,0.3,0.3,0.4,300000,300000,400000,0.014747072986823916,0.3771756206126486,0.03903975093813375
2022-08-23,2.63,2.223069817008927e-05,0.3,0.3,0.4,300000,300000,400000,-0.0034960823409242556,0.3745726391373031,-0.009392872493830693
2022-08-24,2.63,2.223069817008927e-05,0.3,0.3,0.4,300000,300000,400000,0.010500725464433413,0.3743083968688142,0.027994281864683297
2022-08-25,2.63,2.223069817008927e-05,0.3,0.3,0.4,300000,300000,400000,-0.003754938499489091,0.37392704438672564,-0.01010135333713046
2022-08-26,2.63,2.223069817008927e-05,0.3,0.3,0.4,300000,300000,400000,0.010238267520850374,0.373992372045704,0.027316163607293643
2022-08-27,2.63,2.223069817008927e-05,0.3,0.3,0.4,300000,300000,400000,-0.051716514867629654,0.37711830281762404,-0.13719500002846802
2022-08-28,2.63,2.223069817008927e-05,0.3,0.3,0.4,300000,300000,400000,-0.00577888075290608,0.37695175135733816,-0.0153895330906074
2022-08-29,2.63,2.223069817008927e-05,0.3,0.3,0.4,300000,300000,400000,-0.01762213774198268,0.37728365924742635,-0.0467668503728687
2022-08-30,2.63,2.223069817008927e-05,0.3,0.3,0.4,300000,300000,400000,0.034199468212611085,0.37895231723844747,0.0901887545206267
2022-08-31,2.63,2.223069817008927e-05,0.3,0.3,0.4,300000,300000,400000,-0.01317307536942769,0.37853768869912247,-0.034858632208973936
2022-09-01,3.13,2.2193469891407247e-05,0.3,0.3,0.4,300000,300000,400000,0.00865621141584294,0.378658873105933,0.022801573023052055
2022-09-02,3.13,2.2193469891407247e-05,0.3,0.3,0.4,300000,300000,400000,0.008999789505402611,0.37804754738681046,0.023747266970959906
2022-09-03,3.13,2.2193469891407247e-05,0.3,0.3,0.4,300000,300000,400000,-0.005760783305843197,0.378060266457602,-0.01529644156980761
2022-09-04,3.13,2.2193469891407247e-05,0.3,0.3,0.4,300000,300000,400000,-0.005614373192535993,0.3780531674600639,-0.014909454932745208
2022-09-05,3.13,2.2193469891407247e-05,0.3,0.3,0.4,300000,300000,400000,0.00700228874322013,0.3781543894186083,0.018458321438659584
2022-09-06,3.13,2.2193469891407247e-05,0.3,0.3,0.4,300000,300000,400000,0.004499126618731219,0.37820421639997936,0.011837343304774579
2022-09-07,3.13,2.2193469891407247e-05,0.3,0.3,0.4,300000,300000,400000,-0.02393223165305659,0.37732976274064806,-0.06348405953710233
2022-09-08,3.13,2.2193469891407247e-05,0.3,0.3,0.4,300000,300000,400000,0.019233517728771576,0.3774286366395512,0.05090054753112762
2022-09-09,3.13,2.2193469891407247e-05,0.3,0.3,0.4,300000,300000,400000,0.0017781349657788323,0.3772597556034987,0.004654462793356961
2022-09-10,3.13,2.2193469891407247e-05,0.3,0.3,0.4,300000,300000,400000,0.04651220085605256,0.38024871237089386,0.12226210339093768
2022-09-11,3.13,2.2193469891407247e-05,0.3,0.3,0.4,300000,300000,400000,0.01580347095314758,0.3801760024320977,0.04151045142854547
2022-09-12,3.13,2.2193469891407247e-05,0.3,0.3,0.4,300000,300000,400000,-0.0026116398403795427,0.3801662846218456,-0.006928108611448395
2022-09-13,3.13,2.2193469891407247e-05,0.3,0.3,0.4,300000,300000,400000,-0.0004259777184067004,0.38005388483661284,-0.001179230646440514
2022-09-14,3.13,2.2193469891407247e-05,0.3,0.3,0.4,300000,300000,400000,-0.05295228379804009,0.38354975853207757,-0.13811630978644213
2022-09-15,3.13,2.2193469891407247e-05,0.3,0.3,0.4,300000,300000,400000,0.01291753481846596,0.38244480706002454,0.0337181760884797
2022-09-16,3.13,2.2193469891407247e-05,0.3,0.3,0.4,300000,300000,400000,-0.03816161652555039,0.3839841839248224,-0.09944110094627631
2022-09-17,3.13,2.2193469891407247e-05,0.3,0.3,0.4,300000,300000,400000,-0.007151492602099074,0.38290831797199415,-0.0187347355366544
2022-09-18,3.13,2.2193469891407247e-05,0.3,0.3,0.4,300000,300000,400000,0.013750174377209247,0.3831479878593382,0.0358294480000184
2022-09-19,3.13,2.2193469891407247e-05,0.3,0.3,0.4,300000,300000,400000,-0.037940875014115395,0.3848294564108449,-0.09864907130050185
2022-09-20,3.13,2.2193469891407247e-05,0.3,0.3,0.4,300000,300000,400000,0.011961814048149666,0.38502470641567255,0.03101001151175023
2022-09-21,3.13,2.2193469891407247e-05,0.3,0.3,0.4,300000,300000,400000,-0.02284458412028979,0.3849076401397394,-0.05940847934813529
2022-09-22,3.13,2.2193469891407247e-05,0.3,0.3,0.4,300000,300000,400000,-0.021421777511567618,0.38477827991035823,-0.05573072104396024
2022-09-23,3.13,2.2193469891407247e-05,0.3,0.3,0.4,300000,300000,400000,0.03365465733901209,0.3859439975018859,0.08714337853889367
2022-09-24,3.13,2.2193469891407247e-05,0.3,0.3,0.4,300000,300000,400000,-0.0029267440994464543,0.38581199797207016,-0.007643457395929253
2022-09-25,3.13,2.2193469891407247e-05,0.3,0.3,0.4,300000,300000,400000,-0.008049596523209211,0.38584663217806375,-0.020919684973110197
2022-09-26,3.13,2.2193469891407247e-05,0.3,0.3,0.4,300000,300000,400000,-0.007527046869541975,0.38588068198518927,-0.01956366486292033
2022-09-27,3.13,2.2193469891407247e-05,0.3,0.3,0.4,300000,300000,400000,0.016068749886894017,0.38592022644079405,0.04157998290215139
2022-09-28,3.13,2.2193469891407247e-05,0.3,0.3,0.4,300000,300000,400000,-0.002497321412000897,0.385913279108213,-0.006528707402125474
2022-09-29,3.13,2.2193469891407247e-05,0.3,0.3,0.4,300000,300000,400000,0.007163147157073646,0.3858850603910074,0.01850539038735134
2022-09-30,3.13,2.2193469891407247e-05,0.3,0.3,0.4,300000,300000,400000,0.0008853882790649914,0.38563496816819287,0.002238372762910613
